[{
  "_id": {
    "$oid": "65cf774abc97225f82082ec3"
  },
  "Sender": "teacher",
  "Recever": "sohail12345",
  "Message": "hello sohail",
  "Time": "02/16/2024 08:25:06 pm"
},
{
  "_id": {
    "$oid": "65cf7750bc97225f82082ec4"
  },
  "Sender": "sohail12345",
  "Recever": "teacher",
  "Message": "grg",
  "Time": "02/16/2024 08:25:12 pm"
},
{
  "_id": {
    "$oid": "65cf77bdbc97225f82082ec6"
  },
  "Sender": "teacher",
  "Recever": "sohail",
  "Message": "sdsdsd",
  "Time": "02/16/2024 08:27:01 pm"
},
{
  "_id": {
    "$oid": "65d42fbcb94dad9b6e0b6ba4"
  },
  "Sender": "mam",
  "Recever": "sohail12345",
  "Message": "Hello",
  "Time": "02/20/2024 10:21:08 am"
},
{
  "_id": {
    "$oid": "65d42fc0b94dad9b6e0b6ba5"
  },
  "Sender": "sohail12345",
  "Recever": "mam",
  "Message": "hello mam",
  "Time": "02/20/2024 10:21:12 am"
},
{
  "_id": {
    "$oid": "65d4302eb94dad9b6e0b6ba7"
  },
  "Sender": "mam",
  "Recever": "sohail12345",
  "Message": "hello",
  "Time": "02/20/2024 10:23:02 am"
},
{
  "_id": {
    "$oid": "65d4a7fbf263e93609065ff2"
  },
  "Sender": "sohail12345",
  "Recever": "mam",
  "Message": "hello mam",
  "Time": "02/20/2024 06:54:11 pm"
},
{
  "_id": {
    "$oid": "65d4ae69a22f4a3c2b0808a2"
  },
  "Sender": "mam",
  "Recever": "sohail",
  "Message": "hello",
  "Time": "02/20/2024 07:21:37 pm"
},
{
  "_id": {
    "$oid": "65d4b026a22f4a3c2b0808a3"
  },
  "Sender": "mam",
  "Recever": "sohail",
  "Message": "helllooooo",
  "Time": "02/20/2024 07:29:02 pm"
},
{
  "_id": {
    "$oid": "65d4b033a22f4a3c2b0808a4"
  },
  "Sender": "mam",
  "Recever": "sohail",
  "Message": "hhhh",
  "Time": "02/20/2024 07:29:15 pm"
},
{
  "_id": {
    "$oid": "65d4b03da22f4a3c2b0808a5"
  },
  "Sender": "mam",
  "Recever": "sohail",
  "Message": "hhhh",
  "Time": "02/20/2024 07:29:25 pm"
}]