[{
  "_id": {
    "$oid": "65ccc9d7b2c52933d808a046"
  },
  "Teachers_Username": "sohail1",
  "Doubt_Topic": "Sets, Relations, and Functions ",
  "Students_request": "sohail12345"
},
{
  "_id": {
    "$oid": "65ccdc7e1804f44e920ab002"
  },
  "Teachers_Username": "sohail1",
  "Doubt_Topic": "Sets, Relations, and Functions ",
  "Students_request": "sohail12345"
},
{
  "_id": {
    "$oid": "65ce2bc9ac375e01ba0691f6"
  },
  "Teachers_Username": "sohail1",
  "Doubt_Topic": "mobile forensics",
  "Students_request": "sohail12345"
},
{
  "_id": {
    "$oid": "65cf611fb6a41bafd505b492"
  },
  "Teachers_Username": "mam",
  "Doubt_Topic": "Sets, Relations, and Functions ",
  "Students_request": "sohail12345"
},
{
  "_id": {
    "$oid": "65cf7721bc97225f82082ec2"
  },
  "Teachers_Username": "teacher",
  "Doubt_Topic": "mobile forensics",
  "Students_request": "sohail12345"
},
{
  "_id": {
    "$oid": "65cf778cbc97225f82082ec5"
  },
  "Teachers_Username": "teacher",
  "Doubt_Topic": "mobile forensics",
  "Students_request": "sohail"
},
{
  "_id": {
    "$oid": "65d42f56b94dad9b6e0b6ba3"
  },
  "Teachers_Username": "mam",
  "Doubt_Topic": "mobile forensics",
  "Students_request": "sohail12345"
}]