[{
  "_id": {
    "$oid": "65c5f3073dcb9c94fa00d102"
  },
  "Day": 29,
  "Question 1": "Let A = {x | x^3 - 3x^2 - x + 3 = 0} and B = {p | p^2 - 4p + 3 = 0}. Find the cardinality of A ∩ B.",
  "a": "0",
  "b": "1",
  "c": "2",
  "d": "3",
  "ans": "1"
},
{
  "_id": {
    "$oid": "65c5f3073dcb9c94fa00d103"
  },
  "Day": 29,
  "Question 1": "Define a relation R on the set {1, 2, 3} as R = {(a, b) | a ≤ b}. Is R reflexive, symmetric, and transitive?",
  "a": "Reflexive, symmetric, and transitive",
  "b": "Reflexive and symmetric only",
  "c": "Symmetric and transitive only",
  "d": "Reflexive and transitive only",
  "ans": "Reflexive and transitive only"
},
{
  "_id": {
    "$oid": "65c5f3073dcb9c94fa00d104"
  },
  "Day": 29,
  "Question 1": "Let A be a 3x3 matrix with the property that the sum of elements in each row and column is equal to 1. If |A| = k, what is the value of k?",
  "a": "12",
  "b": "8",
  "c": "4",
  "d": "16",
  "ans": "8"
},
{
  "_id": {
    "$oid": "65c5f3073dcb9c94fa00d105"
  },
  "Day": 29,
  "Question 1": "The number of significant figures in the number 0.0028 is,",
  "a": "2",
  "b": "3",
  "c": "4",
  "d": "5",
  "ans": "2"
},
{
  "_id": {
    "$oid": "65c5f3073dcb9c94fa00d106"
  },
  "Day": 29,
  "Question 1": " When a particle moves with a uniform velocity along a circular path, then the particle has",
  "a": "tangential acceleration only",
  "b": "centripetal acceleration only",
  "c": "both tangential and centripetal acceleration",
  "d": "none of the mentioned",
  "ans": "centripetal acceleration only"
},
{
  "_id": {
    "$oid": "65c5f3073dcb9c94fa00d107"
  },
  "Day": 29,
  "Question 1": "The mass of a body is equivalent to the ratio of the force acting on it to the acceleration it generates.",
  "a": "the gravitational mass",
  "b": "the mass of the electromagnetic field",
  "c": "the mass of the internal organs",
  "d": "the mass of inertia",
  "ans": "the mass of inertia"
},
{
  "_id": {
    "$oid": "65c5f3073dcb9c94fa00d108"
  },
  "Day": 29,
  "Question 1": "10 dm3 of N2 gas, 10 dm3 of gas ‘X’ at a Similar Temperature have the Same Molecule Number. Thus, the Gas X is_______?",
  "a": "CO",
  "b": "H2",
  "c": "CO2",
  "d": "NO",
  "ans": "CO"
},
{
  "_id": {
    "$oid": "65c5f3073dcb9c94fa00d109"
  },
  "Day": 29,
  "Question 1": "At 25 degrees celsius and 730 mm pressure, 380 ml of dry oxygen was collected. If the temperature is constant, what volume will oxygen occupy at 760 mm pressure?",
  "a": "365 ml",
  "b": "449 ml",
  "c": "569 ml",
  "d": "621 ml",
  "ans": "365 ml"
},
{
  "_id": {
    "$oid": "65c5f3073dcb9c94fa00d10a"
  },
  "Day": 29,
  "Question 1": "In which of the following pairs, the two molecules have identical bond orders:",
  "a": "N2 , O22+",
  "b": "N2 , O2–",
  "c": "N2– , O2",
  "d": "O22- , N2",
  "ans": "N2 , O22+"
},
{
  "_id": {
    "$oid": "65c5f3073dcb9c94fa00d10b"
  },
  "Day": 59,
  "Question 1": "The altitude of a right triangle is 7 cm less than its base. If the hypotenuse is 13 cm, the other two sides of the triangle are equal to:",
  "a": "Base=10cm and Altitude=5cm",
  "b": "Base=12cm and Altitude=5cm",
  "c": "Base=14cm and Altitude=10cm",
  "d": "Base=12cm and Altitude=10cm",
  "ans": "Base=12cm and Altitude=5cm"
},
{
  "_id": {
    "$oid": "65c5f3073dcb9c94fa00d10c"
  },
  "Day": 59,
  "Question 1": "In a matrix with 9 elements, then the possible ordered pairs are (3, 3), (1, 9), (9, 1).",
  "a": "False",
  "b": "True",
  "c": "None of the above",
  "d": "All of the above",
  "ans": "True"
},
{
  "_id": {
    "$oid": "65c5f3073dcb9c94fa00d10d"
  },
  "Day": 59,
  "Question 1": "The number of ways 4 boys and 3 girls can be seated in a row so that they are alternate is",
  "a": "12",
  "b": "104",
  "c": "144",
  "d": "256",
  "ans": "144"
},
{
  "_id": {
    "$oid": "65c5f3073dcb9c94fa00d10e"
  },
  "Day": 59,
  "Question 1": "Find the potential energy stored in a ball of mass 5 kg placed at a height of 3 m above the ground.",
  "a": "121.20 J",
  "b": "147.15 J",
  "c": "227.31 J",
  "d": "182.21 J",
  "ans": "147.15 J"
},
{
  "_id": {
    "$oid": "65c5f3073dcb9c94fa00d10f"
  },
  "Day": 59,
  "Question 1": "The combination of rotational motion and the translational motion of a rigid body is known as",
  "a": "Frictional motion",
  "b": "Axis motion",
  "c": "Angular motion",
  "d": "Rolling motion",
  "ans": "Rolling motion"
},
{
  "_id": {
    "$oid": "65c5f3073dcb9c94fa00d110"
  },
  "Day": 59,
  "Question 1": "Which of the following statements is true of the value of acceleration due to gravity?",
  "a": "The value is the same on the equator and poles",
  "b": "The value is least on poles",
  "c": "The value is almost negligible on the equator",
  "d": "The value increases from pole to equator",
  "ans": "The value is almost negligible on the equator"
},
{
  "_id": {
    "$oid": "65c5f3073dcb9c94fa00d111"
  },
  "Day": 59,
  "Question 1": "Ionic bonds will be formed more easily between elements with comparatively:",
  "a": "low ionization enthalpy and high electron affinity",
  "b": "high ionization enthalpy and high electron affinity",
  "c": "low ionization enthalpy and low electron affinity",
  "d": "high ionization enthalpy and low electron affinity",
  "ans": "low ionization enthalpy and high electron affinity"
},
{
  "_id": {
    "$oid": "65c5f3073dcb9c94fa00d112"
  },
  "Day": 59,
  "Question 1": "Consider the following reaction:\n\nZn + Cu2+ → Zn2+ + Cu\n\nWith reference to the above, which one of the following is the correct statement?",
  "a": "Zn is reduced to Zn2+ ions.",
  "b": "Zn is oxidised to Zn2+ ions.",
  "c": "Zn2+ ions are oxidised to Zn.",
  "d": "Cu2+ ions are oxidized to Cu.",
  "ans": "Zn is oxidised to Zn2+ ions."
},
{
  "_id": {
    "$oid": "65c5f3073dcb9c94fa00d113"
  },
  "Day": 59,
  "Question 1": "In an adiabatic process the work done is 50 KJ, what is its internal energy?",
  "a": "50 KJ",
  "b": "25 KJ",
  "c": "-50 KJ",
  "d": " -25 KJ",
  "ans": "-50 KJ"
},
{
  "_id": {
    "$oid": "65c5f3073dcb9c94fa00d114"
  },
  "Day": 89,
  "Question 1": "n2 + 3n is always divisible by which number, provided n is an integer?",
  "a": "2",
  "b": "3",
  "c": "4",
  "d": "5",
  "ans": "2"
},
{
  "_id": {
    "$oid": "65c5f3073dcb9c94fa00d115"
  },
  "Day": 89,
  "Question 1": "Which of the following relation gives Fibonacci sequence?",
  "a": "an = an-1 + an-2",
  "b": "an-1 = an + an-2",
  "c": "an-2 = an + an-1",
  "d": "an = an+1 + an-2",
  "ans": "an = an-1 + an-2"
},
{
  "_id": {
    "$oid": "65c5f3073dcb9c94fa00d116"
  },
  "Day": 89,
  "Question 1": "",
  "a": "",
  "b": "",
  "c": "",
  "d": "",
  "ans": ""
},
{
  "_id": {
    "$oid": "65c5f3073dcb9c94fa00d117"
  },
  "Day": 89,
  "Question 1": "",
  "a": "",
  "b": "",
  "c": "",
  "d": "",
  "ans": ""
},
{
  "_id": {
    "$oid": "65c5f3073dcb9c94fa00d118"
  },
  "Day": 89,
  "Question 1": "",
  "a": "",
  "b": "",
  "c": "",
  "d": "",
  "ans": ""
},
{
  "_id": {
    "$oid": "65c5f3073dcb9c94fa00d119"
  },
  "Day": 89,
  "Question 1": "",
  "a": "",
  "b": "",
  "c": "",
  "d": "",
  "ans": ""
},
{
  "_id": {
    "$oid": "65c5f3073dcb9c94fa00d11a"
  },
  "Day": 89,
  "Question 1": "",
  "a": "",
  "b": "",
  "c": "",
  "d": "",
  "ans": ""
},
{
  "_id": {
    "$oid": "65c5f3073dcb9c94fa00d11b"
  },
  "Day": 89,
  "Question 1": "",
  "a": "",
  "b": "",
  "c": "",
  "d": "",
  "ans": ""
},
{
  "_id": {
    "$oid": "65c5f3073dcb9c94fa00d11c"
  },
  "Day": 89,
  "Question 1": "",
  "a": "",
  "b": "",
  "c": "",
  "d": "",
  "ans": ""
},
{
  "_id": {
    "$oid": "65c5f3073dcb9c94fa00d11d"
  },
  "Day": 119,
  "Question 1": "",
  "a": "",
  "b": "",
  "c": "",
  "d": "",
  "ans": ""
},
{
  "_id": {
    "$oid": "65c5f3073dcb9c94fa00d11e"
  },
  "Day": 119,
  "Question 1": "",
  "a": "",
  "b": "",
  "c": "",
  "d": "",
  "ans": ""
},
{
  "_id": {
    "$oid": "65c5f3073dcb9c94fa00d11f"
  },
  "Day": 119,
  "Question 1": "",
  "a": "",
  "b": "",
  "c": "",
  "d": "",
  "ans": ""
},
{
  "_id": {
    "$oid": "65c5f3073dcb9c94fa00d120"
  },
  "Day": 119,
  "Question 1": "",
  "a": "",
  "b": "",
  "c": "",
  "d": "",
  "ans": ""
},
{
  "_id": {
    "$oid": "65c5f3073dcb9c94fa00d121"
  },
  "Day": 119,
  "Question 1": "",
  "a": "",
  "b": "",
  "c": "",
  "d": "",
  "ans": ""
},
{
  "_id": {
    "$oid": "65c5f3073dcb9c94fa00d122"
  },
  "Day": 119,
  "Question 1": "",
  "a": "",
  "b": "",
  "c": "",
  "d": "",
  "ans": ""
},
{
  "_id": {
    "$oid": "65c5f3073dcb9c94fa00d123"
  },
  "Day": 119,
  "Question 1": "",
  "a": "",
  "b": "",
  "c": "",
  "d": "",
  "ans": ""
},
{
  "_id": {
    "$oid": "65c5f3073dcb9c94fa00d124"
  },
  "Day": 119,
  "Question 1": "",
  "a": "",
  "b": "",
  "c": "",
  "d": "",
  "ans": ""
},
{
  "_id": {
    "$oid": "65c5f3073dcb9c94fa00d125"
  },
  "Day": 119,
  "Question 1": "",
  "a": "",
  "b": "",
  "c": "",
  "d": "",
  "ans": ""
},
{
  "_id": {
    "$oid": "65c5f3073dcb9c94fa00d126"
  },
  "Day": 152,
  "Question 1": "",
  "a": "",
  "b": "",
  "c": "",
  "d": "",
  "ans": ""
},
{
  "_id": {
    "$oid": "65c5f3073dcb9c94fa00d127"
  },
  "Day": 152,
  "Question 1": "",
  "a": "",
  "b": "",
  "c": "",
  "d": "",
  "ans": ""
},
{
  "_id": {
    "$oid": "65c5f3073dcb9c94fa00d128"
  },
  "Day": 152,
  "Question 1": "",
  "a": "",
  "b": "",
  "c": "",
  "d": "",
  "ans": ""
},
{
  "_id": {
    "$oid": "65c5f3073dcb9c94fa00d129"
  },
  "Day": 152,
  "Question 1": "",
  "a": "",
  "b": "",
  "c": "",
  "d": "",
  "ans": ""
},
{
  "_id": {
    "$oid": "65c5f3073dcb9c94fa00d12a"
  },
  "Day": 152,
  "Question 1": "",
  "a": "",
  "b": "",
  "c": "",
  "d": "",
  "ans": ""
},
{
  "_id": {
    "$oid": "65c5f3073dcb9c94fa00d12b"
  },
  "Day": 152,
  "Question 1": "",
  "a": "",
  "b": "",
  "c": "",
  "d": "",
  "ans": ""
},
{
  "_id": {
    "$oid": "65c5f3073dcb9c94fa00d12c"
  },
  "Day": 152,
  "Question 1": "",
  "a": "",
  "b": "",
  "c": "",
  "d": "",
  "ans": ""
},
{
  "_id": {
    "$oid": "65c5f3073dcb9c94fa00d12d"
  },
  "Day": 152,
  "Question 1": "",
  "a": "",
  "b": "",
  "c": "",
  "d": "",
  "ans": ""
},
{
  "_id": {
    "$oid": "65c5f3073dcb9c94fa00d12e"
  },
  "Day": 152,
  "Question 1": "",
  "a": "",
  "b": "",
  "c": "",
  "d": "",
  "ans": ""
},
{
  "_id": {
    "$oid": "65c5f3073dcb9c94fa00d12f"
  },
  "Day": 182,
  "Question 1": "",
  "a": "",
  "b": "",
  "c": "",
  "d": "",
  "ans": ""
},
{
  "_id": {
    "$oid": "65c5f3073dcb9c94fa00d130"
  },
  "Day": 182,
  "Question 1": "",
  "a": "",
  "b": "",
  "c": "",
  "d": "",
  "ans": ""
},
{
  "_id": {
    "$oid": "65c5f3073dcb9c94fa00d131"
  },
  "Day": 182,
  "Question 1": "",
  "a": "",
  "b": "",
  "c": "",
  "d": "",
  "ans": ""
},
{
  "_id": {
    "$oid": "65c5f3073dcb9c94fa00d132"
  },
  "Day": 182,
  "Question 1": "",
  "a": "",
  "b": "",
  "c": "",
  "d": "",
  "ans": ""
},
{
  "_id": {
    "$oid": "65c5f3073dcb9c94fa00d133"
  },
  "Day": 182,
  "Question 1": "",
  "a": "",
  "b": "",
  "c": "",
  "d": "",
  "ans": ""
},
{
  "_id": {
    "$oid": "65c5f3073dcb9c94fa00d134"
  },
  "Day": 182,
  "Question 1": "",
  "a": "",
  "b": "",
  "c": "",
  "d": "",
  "ans": ""
},
{
  "_id": {
    "$oid": "65c5f3073dcb9c94fa00d135"
  },
  "Day": 182,
  "Question 1": "",
  "a": "",
  "b": "",
  "c": "",
  "d": "",
  "ans": ""
},
{
  "_id": {
    "$oid": "65c5f3073dcb9c94fa00d136"
  },
  "Day": 182,
  "Question 1": "",
  "a": "",
  "b": "",
  "c": "",
  "d": "",
  "ans": ""
},
{
  "_id": {
    "$oid": "65c5f3073dcb9c94fa00d137"
  },
  "Day": 182,
  "Question 1": "",
  "a": "",
  "b": "",
  "c": "",
  "d": "",
  "ans": ""
},
{
  "_id": {
    "$oid": "65c5f3073dcb9c94fa00d138"
  },
  "Day": 206,
  "Question 1": "",
  "a": "",
  "b": "",
  "c": "",
  "d": "",
  "ans": ""
},
{
  "_id": {
    "$oid": "65c5f3073dcb9c94fa00d139"
  },
  "Day": 206,
  "Question 1": "",
  "a": "",
  "b": "",
  "c": "",
  "d": "",
  "ans": ""
},
{
  "_id": {
    "$oid": "65c5f3073dcb9c94fa00d13a"
  },
  "Day": 206,
  "Question 1": "",
  "a": "",
  "b": "",
  "c": "",
  "d": "",
  "ans": ""
},
{
  "_id": {
    "$oid": "65c5f3073dcb9c94fa00d13b"
  },
  "Day": 206,
  "Question 1": "",
  "a": "",
  "b": "",
  "c": "",
  "d": "",
  "ans": ""
},
{
  "_id": {
    "$oid": "65c5f3073dcb9c94fa00d13c"
  },
  "Day": 206,
  "Question 1": "",
  "a": "",
  "b": "",
  "c": "",
  "d": "",
  "ans": ""
},
{
  "_id": {
    "$oid": "65c5f3073dcb9c94fa00d13d"
  },
  "Day": 206,
  "Question 1": "",
  "a": "",
  "b": "",
  "c": "",
  "d": "",
  "ans": ""
},
{
  "_id": {
    "$oid": "65c5f3073dcb9c94fa00d13e"
  },
  "Day": 206,
  "Question 1": "",
  "a": "",
  "b": "",
  "c": "",
  "d": "",
  "ans": ""
},
{
  "_id": {
    "$oid": "65c5f3073dcb9c94fa00d13f"
  },
  "Day": 206,
  "Question 1": "",
  "a": "",
  "b": "",
  "c": "",
  "d": "",
  "ans": ""
},
{
  "_id": {
    "$oid": "65c5f3073dcb9c94fa00d140"
  },
  "Day": 206,
  "Question 1": "",
  "a": "",
  "b": "",
  "c": "",
  "d": "",
  "ans": ""
},
{
  "_id": {
    "$oid": "65c5f3073dcb9c94fa00d144"
  },
  "Day": 0,
  "Question 1": "",
  "a": "",
  "b": "",
  "c": "",
  "d": "",
  "ans": ""
},
{
  "_id": {
    "$oid": "65c5f3073dcb9c94fa00d145"
  },
  "Day": 0,
  "Question 1": "",
  "a": "",
  "b": "",
  "c": "",
  "d": "",
  "ans": ""
},
{
  "_id": {
    "$oid": "65c5f3073dcb9c94fa00d146"
  },
  "Day": 0,
  "Question 1": "",
  "a": "",
  "b": "",
  "c": "",
  "d": "",
  "ans": ""
},
{
  "_id": {
    "$oid": "65c5f3073dcb9c94fa00d147"
  },
  "Day": 0,
  "Question 1": "",
  "a": "",
  "b": "",
  "c": "",
  "d": "",
  "ans": ""
},
{
  "_id": {
    "$oid": "65c5f3073dcb9c94fa00d148"
  },
  "Day": 0,
  "Question 1": "",
  "a": "",
  "b": "",
  "c": "",
  "d": "",
  "ans": ""
},
{
  "_id": {
    "$oid": "65c5f3073dcb9c94fa00d149"
  },
  "Day": 0,
  "Question 1": "",
  "a": "",
  "b": "",
  "c": "",
  "d": "",
  "ans": ""
},
{
  "_id": {
    "$oid": "65c5f3073dcb9c94fa00d14a"
  },
  "Day": 0,
  "Question 1": "",
  "a": "",
  "b": "",
  "c": "",
  "d": "",
  "ans": ""
},
{
  "_id": {
    "$oid": "65c5f3073dcb9c94fa00d14b"
  },
  "Day": 0,
  "Question 1": "",
  "a": "",
  "b": "",
  "c": "",
  "d": "",
  "ans": ""
},
{
  "_id": {
    "$oid": "65c5f3073dcb9c94fa00d14c"
  },
  "Day": 0,
  "Question 1": "",
  "a": "",
  "b": "",
  "c": "",
  "d": "",
  "ans": ""
},
{
  "_id": {
    "$oid": "65c5f3073dcb9c94fa00d14d"
  },
  "Day": 0,
  "Question 1": "",
  "a": "",
  "b": "",
  "c": "",
  "d": "",
  "ans": ""
},
{
  "_id": {
    "$oid": "65c5f3073dcb9c94fa00d14e"
  },
  "Day": 0,
  "Question 1": "",
  "a": "",
  "b": "",
  "c": "",
  "d": "",
  "ans": ""
},
{
  "_id": {
    "$oid": "65c5f3073dcb9c94fa00d14f"
  },
  "Day": 0,
  "Question 1": "",
  "a": "",
  "b": "",
  "c": "",
  "d": "",
  "ans": ""
},
{
  "_id": {
    "$oid": "65c5f3073dcb9c94fa00d150"
  },
  "Day": 0,
  "Question 1": "",
  "a": "",
  "b": "",
  "c": "",
  "d": "",
  "ans": ""
},
{
  "_id": {
    "$oid": "65c5f3073dcb9c94fa00d151"
  },
  "Day": 0,
  "Question 1": "",
  "a": "",
  "b": "",
  "c": "",
  "d": "",
  "ans": ""
},
{
  "_id": {
    "$oid": "65c5f3073dcb9c94fa00d152"
  },
  "Day": 0,
  "Question 1": "",
  "a": "",
  "b": "",
  "c": "",
  "d": "",
  "ans": ""
},
{
  "_id": {
    "$oid": "65c5f3073dcb9c94fa00d153"
  },
  "Day": 0,
  "Question 1": "",
  "a": "",
  "b": "",
  "c": "",
  "d": "",
  "ans": ""
},
{
  "_id": {
    "$oid": "65c5f3073dcb9c94fa00d154"
  },
  "Day": 0,
  "Question 1": "",
  "a": "",
  "b": "",
  "c": "",
  "d": "",
  "ans": ""
},
{
  "_id": {
    "$oid": "65c5f3073dcb9c94fa00d155"
  },
  "Day": 0,
  "Question 1": "",
  "a": "",
  "b": "",
  "c": "",
  "d": "",
  "ans": ""
},
{
  "_id": {
    "$oid": "65c5f3073dcb9c94fa00d156"
  },
  "Day": 0,
  "Question 1": "",
  "a": "",
  "b": "",
  "c": "",
  "d": "",
  "ans": ""
},
{
  "_id": {
    "$oid": "65c5f3073dcb9c94fa00d157"
  },
  "Day": 0,
  "Question 1": "",
  "a": "",
  "b": "",
  "c": "",
  "d": "",
  "ans": ""
},
{
  "_id": {
    "$oid": "65c5f3073dcb9c94fa00d158"
  },
  "Day": 0,
  "Question 1": "",
  "a": "",
  "b": "",
  "c": "",
  "d": "",
  "ans": ""
},
{
  "_id": {
    "$oid": "65c5f3073dcb9c94fa00d159"
  },
  "Day": 0,
  "Question 1": "",
  "a": "",
  "b": "",
  "c": "",
  "d": "",
  "ans": ""
},
{
  "_id": {
    "$oid": "65c5f3073dcb9c94fa00d15a"
  },
  "Day": 0,
  "Question 1": "",
  "a": "",
  "b": "",
  "c": "",
  "d": "",
  "ans": ""
},
{
  "_id": {
    "$oid": "65c5f3073dcb9c94fa00d15b"
  },
  "Day": 0,
  "Question 1": "",
  "a": "",
  "b": "",
  "c": "",
  "d": "",
  "ans": ""
},
{
  "_id": {
    "$oid": "65c5f3073dcb9c94fa00d15c"
  },
  "Day": 0,
  "Question 1": "",
  "a": "",
  "b": "",
  "c": "",
  "d": "",
  "ans": ""
},
{
  "_id": {
    "$oid": "65c5f3073dcb9c94fa00d15d"
  },
  "Day": 0,
  "Question 1": "",
  "a": "",
  "b": "",
  "c": "",
  "d": "",
  "ans": ""
},
{
  "_id": {
    "$oid": "65c5f3073dcb9c94fa00d15e"
  },
  "Day": 0,
  "Question 1": "",
  "a": "",
  "b": "",
  "c": "",
  "d": "",
  "ans": ""
},
{
  "_id": {
    "$oid": "65c5f3073dcb9c94fa00d15f"
  },
  "Day": 0,
  "Question 1": "",
  "a": "",
  "b": "",
  "c": "",
  "d": "",
  "ans": ""
},
{
  "_id": {
    "$oid": "65c5f3073dcb9c94fa00d160"
  },
  "Day": 0,
  "Question 1": "",
  "a": "",
  "b": "",
  "c": "",
  "d": "",
  "ans": ""
},
{
  "_id": {
    "$oid": "65c5f3073dcb9c94fa00d161"
  },
  "Day": 0,
  "Question 1": "",
  "a": "",
  "b": "",
  "c": "",
  "d": "",
  "ans": ""
},
{
  "_id": {
    "$oid": "65c5f3073dcb9c94fa00d162"
  },
  "Day": 0,
  "Question 1": "",
  "a": "",
  "b": "",
  "c": "",
  "d": "",
  "ans": ""
},
{
  "_id": {
    "$oid": "65c5f3073dcb9c94fa00d163"
  },
  "Day": 0,
  "Question 1": "",
  "a": "",
  "b": "",
  "c": "",
  "d": "",
  "ans": ""
},
{
  "_id": {
    "$oid": "65c5f3073dcb9c94fa00d164"
  },
  "Day": 0,
  "Question 1": "",
  "a": "",
  "b": "",
  "c": "",
  "d": "",
  "ans": ""
},
{
  "_id": {
    "$oid": "65c5f3073dcb9c94fa00d165"
  },
  "Day": 0,
  "Question 1": "",
  "a": "",
  "b": "",
  "c": "",
  "d": "",
  "ans": ""
},
{
  "_id": {
    "$oid": "65c5f3073dcb9c94fa00d166"
  },
  "Day": 0,
  "Question 1": "",
  "a": "",
  "b": "",
  "c": "",
  "d": "",
  "ans": ""
},
{
  "_id": {
    "$oid": "65c5f3073dcb9c94fa00d167"
  },
  "Day": 0,
  "Question 1": "",
  "a": "",
  "b": "",
  "c": "",
  "d": "",
  "ans": ""
},
{
  "_id": {
    "$oid": "65c5f3073dcb9c94fa00d168"
  },
  "Day": 0,
  "Question 1": "",
  "a": "",
  "b": "",
  "c": "",
  "d": "",
  "ans": ""
},
{
  "_id": {
    "$oid": "65c5f3073dcb9c94fa00d169"
  },
  "Day": 0,
  "Question 1": "",
  "a": "",
  "b": "",
  "c": "",
  "d": "",
  "ans": ""
},
{
  "_id": {
    "$oid": "65c5f3073dcb9c94fa00d16a"
  },
  "Day": 0,
  "Question 1": "",
  "a": "",
  "b": "",
  "c": "",
  "d": "",
  "ans": ""
},
{
  "_id": {
    "$oid": "65c5f3073dcb9c94fa00d16b"
  },
  "Day": 0,
  "Question 1": "",
  "a": "",
  "b": "",
  "c": "",
  "d": "",
  "ans": ""
},
{
  "_id": {
    "$oid": "65c5f3073dcb9c94fa00d16c"
  },
  "Day": 0,
  "Question 1": "",
  "a": "",
  "b": "",
  "c": "",
  "d": "",
  "ans": ""
},
{
  "_id": {
    "$oid": "65c5f3073dcb9c94fa00d16d"
  },
  "Day": 0,
  "Question 1": "",
  "a": "",
  "b": "",
  "c": "",
  "d": "",
  "ans": ""
},
{
  "_id": {
    "$oid": "65c5f3073dcb9c94fa00d16e"
  },
  "Day": 0,
  "Question 1": "",
  "a": "",
  "b": "",
  "c": "",
  "d": "",
  "ans": ""
},
{
  "_id": {
    "$oid": "65c5f3073dcb9c94fa00d16f"
  },
  "Day": 0,
  "Question 1": "",
  "a": "",
  "b": "",
  "c": "",
  "d": "",
  "ans": ""
},
{
  "_id": {
    "$oid": "65c5f3073dcb9c94fa00d170"
  },
  "Day": 0,
  "Question 1": "",
  "a": "",
  "b": "",
  "c": "",
  "d": "",
  "ans": ""
},
{
  "_id": {
    "$oid": "65c5f3073dcb9c94fa00d171"
  },
  "Day": 0,
  "Question 1": "",
  "a": "",
  "b": "",
  "c": "",
  "d": "",
  "ans": ""
},
{
  "_id": {
    "$oid": "65c5f3073dcb9c94fa00d172"
  },
  "Day": 0,
  "Question 1": "",
  "a": "",
  "b": "",
  "c": "",
  "d": "",
  "ans": ""
},
{
  "_id": {
    "$oid": "65c5f3073dcb9c94fa00d173"
  },
  "Day": 0,
  "Question 1": "",
  "a": "",
  "b": "",
  "c": "",
  "d": "",
  "ans": ""
},
{
  "_id": {
    "$oid": "65c5f3073dcb9c94fa00d174"
  },
  "Day": 0,
  "Question 1": "",
  "a": "",
  "b": "",
  "c": "",
  "d": "",
  "ans": ""
},
{
  "_id": {
    "$oid": "65c5f3073dcb9c94fa00d175"
  },
  "Day": 0,
  "Question 1": "",
  "a": "",
  "b": "",
  "c": "",
  "d": "",
  "ans": ""
},
{
  "_id": {
    "$oid": "65c5f3073dcb9c94fa00d176"
  },
  "Day": 0,
  "Question 1": "",
  "a": "",
  "b": "",
  "c": "",
  "d": "",
  "ans": ""
},
{
  "_id": {
    "$oid": "65c5f3073dcb9c94fa00d177"
  },
  "Day": 206,
  "Question 1": "",
  "a": "",
  "b": "",
  "c": "",
  "d": "",
  "ans": ""
},
{
  "_id": {
    "$oid": "65c5f3073dcb9c94fa00d178"
  },
  "Day": 206,
  "Question 1": "",
  "a": "",
  "b": "",
  "c": "",
  "d": "",
  "ans": ""
},
{
  "_id": {
    "$oid": "65c5f3073dcb9c94fa00d179"
  },
  "Day": 206,
  "Question 1": "",
  "a": "",
  "b": "",
  "c": "",
  "d": "",
  "ans": ""
},
{
  "_id": {
    "$oid": "65c5f3073dcb9c94fa00d17a"
  },
  "Day": 206,
  "Question 1": "",
  "a": "",
  "b": "",
  "c": "",
  "d": "",
  "ans": ""
},
{
  "_id": {
    "$oid": "65c5f3073dcb9c94fa00d17b"
  },
  "Day": 206,
  "Question 1": "",
  "a": "",
  "b": "",
  "c": "",
  "d": "",
  "ans": ""
},
{
  "_id": {
    "$oid": "65c5f3073dcb9c94fa00d17c"
  },
  "Day": 206,
  "Question 1": "",
  "a": "",
  "b": "",
  "c": "",
  "d": "",
  "ans": ""
},
{
  "_id": {
    "$oid": "65c5f3073dcb9c94fa00d17d"
  },
  "Day": 206,
  "Question 1": "",
  "a": "",
  "b": "",
  "c": "",
  "d": "",
  "ans": ""
},
{
  "_id": {
    "$oid": "65c5f3073dcb9c94fa00d17e"
  },
  "Day": 206,
  "Question 1": "",
  "a": "",
  "b": "",
  "c": "",
  "d": "",
  "ans": ""
},
{
  "_id": {
    "$oid": "65c5f3073dcb9c94fa00d17f"
  },
  "Day": 206,
  "Question 1": "",
  "a": "",
  "b": "",
  "c": "",
  "d": "",
  "ans": ""
}]