[{
  "_id": {
    "$oid": "65c0a98d5e3483434e007a52"
  },
  "Name": "sohail",
  "Username": "sohail12345",
  "Email": "sohail@gmail.com",
  "Age": "12",
  "Password": "40bd001563085fc35165329ea1ff5c5ecbdbbeef",
  "Board": "ICSE",
  "Standard": "8th",
  "Exam": "JEE mains",
  "Phone_Number": "1234567890"
},
{
  "_id": {
    "$oid": "65c0aaad09216820620e5202"
  },
  "Name": "12",
  "Username": "sohail",
  "Email": "priya.vaddeapalli@gmail.com",
  "Age": "12",
  "Password": "7b52009b64fd0a2a49e6d8a939753077792b0554",
  "Board": "CBSE",
  "Standard": "7th",
  "Exam": "JEE mains",
  "Phone_Number": "1234567890"
},
{
  "_id": {
    "$oid": "65ca2fdcc3d88059fd0ca9d2"
  },
  "Name": "sohail",
  "Username": "sohail1",
  "Email": "sssohail2902@gmail.com",
  "Age": "12",
  "Password": "7b52009b64fd0a2a49e6d8a939753077792b0554",
  "Phone_Number": "+919022681364",
  "Board": "ICSE",
  "Standard": "11th",
  "Exam": "JEE mains"
},
{
  "_id": {
    "$oid": "65cad9713872dc222703e7e2"
  },
  "Name": "sohail",
  "Username": "sohail12",
  "Email": "sssohail2902@gmail.com",
  "Age": "12",
  "Password": "7b52009b64fd0a2a49e6d8a939753077792b0554",
  "Phone_Number": "+919022681364",
  "Board": "ICSE",
  "Standard": "9th",
  "Exam": "JEE mains"
},
{
  "_id": {
    "$oid": "65cb01426d224d47e1049412"
  },
  "Name": "Rubina Shaikh",
  "Username": "rubynah",
  "Email": "sssohail2902@gmail.com",
  "Age": "20",
  "Password": "f2efa52cf9fbfb8baaf596543a8a53129be50d19",
  "Phone_Number": "+919022681364",
  "Board": "Maharashtra Board",
  "Standard": "Graduation / Btech",
  "Exam": "JEE mains"
},
{
  "_id": {
    "$oid": "65cb03d46d224d47e1049416"
  },
  "Name": "priya",
  "Username": "priyav",
  "Email": "sssohail2902@gmail.com",
  "Age": "19",
  "Password": "7b52009b64fd0a2a49e6d8a939753077792b0554",
  "Phone_Number": "+919022681364",
  "Board": "ICSE",
  "Standard": "8th",
  "Exam": "JEE mains"
},
{
  "_id": {
    "$oid": "65d412cdadb3ffffbb0cfc17"
  },
  "Name": "sohail",
  "Username": "sss",
  "Email": "sssohail2902@gmail.com",
  "Age": "12",
  "Password": "7b52009b64fd0a2a49e6d8a939753077792b0554",
  "Phone_Number": "+919022681364",
  "Board": "ICSE",
  "Standard": "8th",
  "Exam": "JEE mains"
},
{
  "_id": {
    "$oid": "65d413bfadb3ffffbb0cfc18"
  },
  "Name": "sohail",
  "Username": "sohail123",
  "Email": "sssohail2902@gmail.com",
  "Age": "12",
  "Password": "7b52009b64fd0a2a49e6d8a939753077792b0554",
  "Phone_Number": "09022681365",
  "Board": "ICSE",
  "Standard": "7th",
  "Exam": "JEE mains"
}]