[{
  "_id": {
    "$oid": "65d4b492152e19ce5d0007ec"
  },
  "Username": "mam",
  "Message": "hello bacho",
  "Time": "02/20/2024 07:47:54 pm"
},
{
  "_id": {
    "$oid": "65d4b49c152e19ce5d0007ed"
  },
  "Username": "sohail",
  "Message": "hello mam",
  "Time": "02/20/2024 07:48:04 pm"
},
{
  "_id": {
    "$oid": "65d4b4a2152e19ce5d0007ee"
  },
  "Username": "mam",
  "Message": "how are u",
  "Time": "02/20/2024 07:48:10 pm"
},
{
  "_id": {
    "$oid": "65d4b4aa152e19ce5d0007ef"
  },
  "Username": "sohail",
  "Message": "i am goood mam",
  "Time": "02/20/2024 07:48:18 pm"
},
{
  "_id": {
    "$oid": "65d4b4b2152e19ce5d0007f0"
  },
  "Username": "sohail",
  "Message": "how are u?",
  "Time": "02/20/2024 07:48:26 pm"
},
{
  "_id": {
    "$oid": "65d4b4b9152e19ce5d0007f1"
  },
  "Username": "mam",
  "Message": "i am also good",
  "Time": "02/20/2024 07:48:33 pm"
},
{
  "_id": {
    "$oid": "65d4b50d152e19ce5d0007f2"
  },
  "Username": "mam",
  "Message": "nice to know it mam",
  "Time": "02/20/2024 07:49:57 pm"
},
{
  "_id": {
    "$oid": "65d4b52f152e19ce5d0007f3"
  },
  "Username": "sohail12345",
  "Message": "good",
  "Time": "02/20/2024 07:50:31 pm"
},
{
  "_id": {
    "$oid": "65d4b575152e19ce5d0007f4"
  },
  "Username": "sohail12345",
  "Message": "heyyyyy",
  "Time": "02/20/2024 07:51:41 pm"
},
{
  "_id": {
    "$oid": "65d4b5b9152e19ce5d0007f6"
  },
  "Username": "Sohail",
  "Message": "good morning students",
  "Time": "02/20/2024 07:52:49 pm"
}]