[{
  "_id": {
    "$oid": "65c9c84f0b9860101919a0aa"
  },
  "Papers": "JEE Main 2014 (April 11th Shift 1) Chemistry Question Paper with Answer Key",
  "Link": "https://drive.google.com/file/d/1InsASTWEdz-gaoddXqBMbJL9nOo24L45/view?usp=sharing"
},
{
  "_id": {
    "$oid": "65c9c84f0b9860101919a0ab"
  },
  "Papers": "JEE Main 2014 (April 11th Shift 1) Maths Question Paper with Answer Key",
  "Link": "https://drive.google.com/file/d/1b4_mAf-sNLjfiYYuyvONw-IlLJnfBfNX/view?usp=sharing"
},
{
  "_id": {
    "$oid": "65c9c84f0b9860101919a0ac"
  },
  "Papers": "JEE Main 2014 (April 11th Shift 1) Physics Question Paper with Answer Key",
  "Link": "https://drive.google.com/file/d/1BZSpx9YyfWOwpmFkf1LoRqqYP-yLU7Qx/view?usp=sharing"
},
{
  "_id": {
    "$oid": "65c9c84f0b9860101919a0ad"
  },
  "Papers": "JEE Main 2014 (April 12th Shift 1) Chemistry Question Paper with Answer Key (1)",
  "Link": "https://drive.google.com/file/d/19ywdYPPm17CFD_9F1VyOQSQVyC_0_alK/view?usp=sharing"
},
{
  "_id": {
    "$oid": "65c9c84f0b9860101919a0ae"
  },
  "Papers": "JEE Main 2014 (April 12th Shift 1) Chemistry Question Paper with Answer Key",
  "Link": "https://drive.google.com/file/d/1GMJJkzAaBO8xpxG9sPH1I-aU6ND-zQ6K/view?usp=sharing"
},
{
  "_id": {
    "$oid": "65c9c84f0b9860101919a0af"
  },
  "Papers": "JEE Main 2014 (April 12th Shift 1) Physics Question Paper with Answer Key",
  "Link": "https://drive.google.com/file/d/1QgTVGqYWRX7Au8KFI7w7qaf30Y8xyI-u/view?usp=sharing"
},
{
  "_id": {
    "$oid": "65c9c84f0b9860101919a0b0"
  },
  "Papers": "JEE Main 2014 (April 19th Shift 1) Chemistry Question Paper with Answer Key",
  "Link": "https://drive.google.com/file/d/1Dr-oXPO2sEaiU8rZ8dhJfidYgpBHM0wT/view?usp=sharing"
},
{
  "_id": {
    "$oid": "65c9c84f0b9860101919a0b1"
  },
  "Papers": "JEE Main 2014 (April 19th Shift 1) Maths Question Paper with Answer Key",
  "Link": "https://drive.google.com/file/d/11L85P--stimkzH1TSVoPiwuqCjk3Y-22/view?usp=sharing"
},
{
  "_id": {
    "$oid": "65c9c84f0b9860101919a0b2"
  },
  "Papers": "JEE Main 2014 (April 19th Shift 1) Physics Question Paper with Answer Key",
  "Link": "https://drive.google.com/file/d/1Ra0OES6N16-BuNFaMXEOQmkStGQ5IhAq/view?usp=sharing"
},
{
  "_id": {
    "$oid": "65c9c84f0b9860101919a0b3"
  },
  "Papers": "JEE Main 2015 (April 10th Shift 1) Chemistry Question Paper with Answer Key",
  "Link": "https://drive.google.com/file/d/1K8gRQ-pCqgMhwvdQd4s205go8Ullano6/view?usp=sharing"
},
{
  "_id": {
    "$oid": "65c9c84f0b9860101919a0b4"
  },
  "Papers": "JEE Main 2015 (April 10th Shift 1) Maths Question Paper with Answer Key",
  "Link": "https://drive.google.com/file/d/1BaYqwJCAHAWK34NwzrBaUwugLJ1e4g38/view?usp=sharing"
},
{
  "_id": {
    "$oid": "65c9c84f0b9860101919a0b5"
  },
  "Papers": "JEE Main 2015 (April 10th Shift 1) Physics Question Paper with Answer Key",
  "Link": "https://drive.google.com/file/d/1UeGOLqKAIlMYlajkjuJkGpUjzQYC_TB2/view?usp=sharing"
},
{
  "_id": {
    "$oid": "65c9c84f0b9860101919a0b6"
  },
  "Papers": "JEE Main 2015 (April 11th Shift 1) Chemistry Question Paper with Answer Key",
  "Link": "https://drive.google.com/file/d/10t9Eg2PrIh9EMk1PuQGI72TB4ENWPiRI/view?usp=sharing"
},
{
  "_id": {
    "$oid": "65c9c84f0b9860101919a0b7"
  },
  "Papers": "JEE Main 2015 (April 11th Shift 1) Maths Question Paper with Answer Key",
  "Link": "https://drive.google.com/file/d/1ioTxmZehvS334CTl771cKyQgiYUKQVII/view?usp=sharing"
},
{
  "_id": {
    "$oid": "65c9c84f0b9860101919a0b8"
  },
  "Papers": "JEE Main 2015 (April 11th Shift 1) Physics Question Paper with Answer Key",
  "Link": "https://drive.google.com/file/d/1S_0zVf-c8g2ukzKcvrS8fY0A8QAOdnLA/view?usp=sharing"
},
{
  "_id": {
    "$oid": "65c9c84f0b9860101919a0b9"
  },
  "Papers": "JEE Main 2016 (April 9th Shift 1) Chemistry Question Paper with Answer Key",
  "Link": "https://drive.google.com/file/d/1nm_O2Q_0uHUANvnwVVXCmJXsK8iNyKde/view?usp=sharing"
},
{
  "_id": {
    "$oid": "65c9c84f0b9860101919a0ba"
  },
  "Papers": "JEE Main 2016 (April 9th Shift 1) Maths Question Paper with Answer Key",
  "Link": "https://drive.google.com/file/d/1R3qhbRcPidVlrZQZl0pXSpMbsgZpVT4m/view?usp=sharing"
},
{
  "_id": {
    "$oid": "65c9c84f0b9860101919a0bb"
  },
  "Papers": "JEE Main 2016 (April 9th Shift 1) Physics Question Paper with Answer Key",
  "Link": "https://drive.google.com/file/d/1_H6_vJCJOb2BSVc7JBV18L32TVyMFg5M/view?usp=sharing"
},
{
  "_id": {
    "$oid": "65c9c84f0b9860101919a0bc"
  },
  "Papers": "JEE Main 2016 (April 10th Shift 1) Chemistry Question Paper with Answer Key",
  "Link": "https://drive.google.com/file/d/14ju48Hn_ptwchwfD96ExpqdKO_tJowHH/view?usp=sharing"
},
{
  "_id": {
    "$oid": "65c9c84f0b9860101919a0bd"
  },
  "Papers": "JEE Main 2016 (April 10th Shift 1) Maths Question Paper with Answer Key",
  "Link": "https://drive.google.com/file/d/1rf6k61VEiedXWLGnHV4QTGQUkbEAYb-R/view?usp=sharing"
},
{
  "_id": {
    "$oid": "65c9c84f0b9860101919a0be"
  },
  "Papers": "JEE Main 2016 (April 10th Shift 1) Physics Question Paper with Answer Key",
  "Link": "https://drive.google.com/file/d/1eJn5N_XkgWLv5d-QaUDR5u7omFXAH0qm/view?usp=sharing"
},
{
  "_id": {
    "$oid": "65c9c84f0b9860101919a0bf"
  },
  "Papers": "JEE Main 2017 (April 8th Shift 1) Chemistry Question Paper with Answer Key",
  "Link": "https://drive.google.com/file/d/1aZPc2xzn5NrRdpnMQvxMADFHMI3WbHCP/view?usp=sharing"
},
{
  "_id": {
    "$oid": "65c9c84f0b9860101919a0c0"
  },
  "Papers": "JEE Main 2017 (April 8th Shift 1) Maths Question Paper with Answer Key",
  "Link": "https://drive.google.com/file/d/1fDzlwyznn42SnRZB_RlUlbKzYtYCdvWJ/view?usp=sharing"
},
{
  "_id": {
    "$oid": "65c9c84f0b9860101919a0c1"
  },
  "Papers": "JEE Main 2017 (April 8th Shift 1) Physics Question Paper with Answer Key",
  "Link": "https://drive.google.com/file/d/1FSDc42HXfWyXcG2ss_LEi7AU8VGub58q/view?usp=sharing"
},
{
  "_id": {
    "$oid": "65c9c84f0b9860101919a0c2"
  },
  "Papers": "JEE Main 2017 (April 9th Shift 1) Chemistry Question Paper with Answer Key",
  "Link": "https://drive.google.com/file/d/1N8ilTN61EH8rAVqhkSazc_xLchYWXwdA/view?usp=sharing"
},
{
  "_id": {
    "$oid": "65c9c84f0b9860101919a0c3"
  },
  "Papers": "JEE Main 2017 (April 9th Shift 1) Maths Question Paper with Answer Key",
  "Link": "https://drive.google.com/file/d/1lM4GGVIxmHc_XiNN0l2xI6ltljeYmgQU/view?usp=sharing"
},
{
  "_id": {
    "$oid": "65c9c84f0b9860101919a0c4"
  },
  "Papers": "JEE Main 2017 (April 9th Shift 1) Physics Question Paper with Answer Key",
  "Link": "https://drive.google.com/file/d/1iHbA69V5mf0TWUO7c1Aq-AXfqC5-ivhw/view?usp=sharing"
},
{
  "_id": {
    "$oid": "65c9c84f0b9860101919a0c5"
  },
  "Papers": "JEE Main 2018 (April 15th Shift 1) Chemistry Question Paper with Answer Key",
  "Link": "https://drive.google.com/file/d/13rDqGDo432FF1lnCqnSD4zA9MNqgqjyB/view?usp=sharing"
},
{
  "_id": {
    "$oid": "65c9c84f0b9860101919a0c6"
  },
  "Papers": "JEE Main 2018 (April 15th Shift 1) Maths Question Paper with Answer Key",
  "Link": "https://drive.google.com/file/d/1dQ4XN8rxWHcPAiddejAgU-r5hZfcyQoI/view?usp=sharing"
},
{
  "_id": {
    "$oid": "65c9c84f0b9860101919a0c7"
  },
  "Papers": "JEE Main 2018 (April 15th Shift 1) Physics Question Paper with Answer Key",
  "Link": "https://drive.google.com/file/d/1-sULDq2Dmgl6GKDRNWlemV8JMqIHl-Wm/view?usp=sharing"
},
{
  "_id": {
    "$oid": "65c9c84f0b9860101919a0c8"
  },
  "Papers": "JEE Main 2018 (April 16th Shift 1) Chemistry Question Paper with Answer Key",
  "Link": "https://drive.google.com/file/d/1HpoEHIwy9RwdqTuldjIwhqlIaxVgBcJ5/view?usp=sharing"
},
{
  "_id": {
    "$oid": "65c9c84f0b9860101919a0c9"
  },
  "Papers": "JEE Main 2018 (April 16th Shift 1) Maths Question Paper with Answer Key",
  "Link": "https://drive.google.com/file/d/1UKKGxZjaTJr6k9tewEg8jXBDiaf6l8vd/view?usp=sharing"
},
{
  "_id": {
    "$oid": "65c9c84f0b9860101919a0ca"
  },
  "Papers": "JEE Main 2018 (April 16th Shift 1) Physics Question Paper with Answer Key",
  "Link": "https://drive.google.com/file/d/1dGVQnDAyPbo1QZj9UKNqc8j2G_5YAvnE/view?usp=sharing"
},
{
  "_id": {
    "$oid": "65c9c84f0b9860101919a0cb"
  },
  "Papers": "JEE Main 2019 April 8 Shift 1 Question Paper with Answer Key",
  "Link": "https://drive.google.com/file/d/1LbM0HylThexWbml3RuDsJy78CqnvrwpR/view?usp=sharing"
},
{
  "_id": {
    "$oid": "65c9c84f0b9860101919a0cc"
  },
  "Papers": "JEE Main 2019 April 8 Shift 2 Question Paper with Answer Key",
  "Link": "https://drive.google.com/file/d/1l6ghcqC1cV9mEDzCFYmy-WANhVqi1MqZ/view?usp=sharing"
},
{
  "_id": {
    "$oid": "65c9c84f0b9860101919a0cd"
  },
  "Papers": "JEE Main 2019 April 9 Shift 1 Question Paper with Answer Key",
  "Link": "https://drive.google.com/file/d/1Nbkvp85gqaJVqOA-QxYfF8zFmH9WGos7/view?usp=sharing"
},
{
  "_id": {
    "$oid": "65c9c84f0b9860101919a0ce"
  },
  "Papers": "JEE Main 2019 April 9 Shift 2 Question Paper with Answer Key",
  "Link": "https://drive.google.com/file/d/1Q9SJsh8-1qr_nWAmt5AgL6pkG0JIEUiw/view?usp=sharing"
},
{
  "_id": {
    "$oid": "65c9c84f0b9860101919a0cf"
  },
  "Papers": "JEE Main 2019 April 10 Shift 1 Question Paper with Answer Key",
  "Link": "https://drive.google.com/file/d/1TdGu6_VPxz1BTVZW5k37PTL8SeO2h3Jn/view?usp=sharing"
},
{
  "_id": {
    "$oid": "65c9c84f0b9860101919a0d0"
  },
  "Papers": "JEE Main 2019 April 10 Shift 2 Question Paper with Answer Key",
  "Link": "https://drive.google.com/file/d/1iGj9Wn55RgE8IvavOAfECxVHTeNIqE1x/view?usp=sharing"
},
{
  "_id": {
    "$oid": "65c9c84f0b9860101919a0d1"
  },
  "Papers": "JEE Main 2019 April 12 Shift 1 Question Paper with Answer Key",
  "Link": "https://drive.google.com/file/d/1L_ScM9pH_uJyBYK4cSL-d5KOWAK3UBQu/view?usp=sharing"
},
{
  "_id": {
    "$oid": "65c9c84f0b9860101919a0d2"
  },
  "Papers": "JEE Main 2019 April 12 Shift 2 Question Paper with Answer Key",
  "Link": "https://drive.google.com/file/d/1jKPC43qxrhavEfAwdTt6Urb9XK8kKpen/view?usp=sharing"
},
{
  "_id": {
    "$oid": "65c9c84f0b9860101919a0d3"
  },
  "Papers": "JEE Main 2019 January 9 Shift 1 Question Paper with Answer Key",
  "Link": "https://drive.google.com/file/d/14LDAT0CFv98Dqghw6Q8VtEwVUwP4vuSM/view?usp=sharing"
},
{
  "_id": {
    "$oid": "65c9c84f0b9860101919a0d4"
  },
  "Papers": "JEE Main 2019 January 9 Shift 2 Question Paper with Answer Key",
  "Link": "https://drive.google.com/file/d/1yWdkhUlJusyOLQdVp8b_0nWhKZ-z1hMA/view?usp=sharing"
},
{
  "_id": {
    "$oid": "65c9c84f0b9860101919a0d5"
  },
  "Papers": "JEE Main 2019 January 10 Shift 1 Question Paper with Answer Key",
  "Link": "https://drive.google.com/file/d/1KsgY0IdBybakkEC62B9i082eIz_2UyTz/view?usp=sharing"
},
{
  "_id": {
    "$oid": "65c9c84f0b9860101919a0d6"
  },
  "Papers": "JEE Main 2019 January 10 Shift 2 Question Paper with Answer Key",
  "Link": "https://drive.google.com/file/d/1ZTKzQDMP3hADO0pvfgiHqe0mda2OtnzM/view?usp=sharing"
},
{
  "_id": {
    "$oid": "65c9c84f0b9860101919a0d7"
  },
  "Papers": "JEE Main 2019 January 11 Shift 1 Question Paper with Answer Key",
  "Link": "https://drive.google.com/file/d/1gesx6uwQP1-cC3iCh4Da7BsBr3gMJmeT/view?usp=sharing"
},
{
  "_id": {
    "$oid": "65c9c84f0b9860101919a0d8"
  },
  "Papers": "JEE Main 2019 January 11 Shift 2 Question Paper with Answer Key",
  "Link": "https://drive.google.com/file/d/1kJuHp8Vj656Y3t79nq3oNERxEleLTfK9/view?usp=sharing"
},
{
  "_id": {
    "$oid": "65c9c84f0b9860101919a0d9"
  },
  "Papers": "JEE Main 2019 January 12 Shift 1 Question Paper with Answer Key",
  "Link": "https://drive.google.com/file/d/1n7TT2ddVdfHOk7PpFL6F91NxgsjxhVob/view?usp=sharing"
},
{
  "_id": {
    "$oid": "65c9c84f0b9860101919a0da"
  },
  "Papers": "JEE Main 2019 January 12 Shift 2 Question Paper with Answer Key",
  "Link": "https://drive.google.com/file/d/1em7cZAkRVrZ9HRNWQ5Tr8tTR9C6QUQ6y/view?usp=sharing"
},
{
  "_id": {
    "$oid": "65c9c84f0b9860101919a0db"
  },
  "Papers": "JEE Main 2020 January 7 Shift 1 Question Paper with Answer Key",
  "Link": "https://drive.google.com/file/d/1f5oX_xISwqltbsnFa_J__DUdNg76gcUW/view?usp=sharing"
},
{
  "_id": {
    "$oid": "65c9c84f0b9860101919a0dc"
  },
  "Papers": "JEE Main 2020 January 7 Shift 2 Question Paper with Answer Key",
  "Link": "https://drive.google.com/file/d/1O-gqzDDHmm3LQ5St02jNPM832kssV4yY/view?usp=sharing"
},
{
  "_id": {
    "$oid": "65c9c84f0b9860101919a0dd"
  },
  "Papers": "JEE Main 2020 January 8 Shift 1 Question Paper with Answer Key",
  "Link": "https://drive.google.com/file/d/1tdK2DvcdlyjwiaosKBab4HmR2XyOhHfC/view?usp=sharing"
},
{
  "_id": {
    "$oid": "65c9c84f0b9860101919a0de"
  },
  "Papers": "JEE Main 2020 January 8 Shift 2 Question Paper with Answer Key",
  "Link": "https://drive.google.com/file/d/13ut2cmubqgtUQh0cl1hAlptdpNmVUAvU/view?usp=sharing"
},
{
  "_id": {
    "$oid": "65c9c84f0b9860101919a0df"
  },
  "Papers": "JEE Main 2020 January 9 Shift 1 Question Paper with Answer Key",
  "Link": "https://drive.google.com/file/d/13Q-x9EpFGWNWELWJ6vrUG2fRFIlsYN0K/view?usp=sharing"
},
{
  "_id": {
    "$oid": "65c9c84f0b9860101919a0e0"
  },
  "Papers": "JEE Main 2020 January 9 Shift 2 Question Paper with Answer Key",
  "Link": "https://drive.google.com/file/d/1q8w6o1lVqM2LQGhouM1tmKPLIsuQtCw_/view?usp=sharing"
},
{
  "_id": {
    "$oid": "65c9c84f0b9860101919a0e1"
  },
  "Papers": "JEE Main 2020 September 2 Shift 1 Question Paper with Answer Key",
  "Link": "https://drive.google.com/file/d/19b-cJx1mn4oO_l18q34j-7tNLzEUxNxy/view?usp=sharing"
},
{
  "_id": {
    "$oid": "65c9c84f0b9860101919a0e2"
  },
  "Papers": "JEE Main 2020 September 2 Shift 2 Question Paper with Answer Key",
  "Link": "https://drive.google.com/file/d/1XAlXIvjVjQCToMqeazWI5o67Q9xCl9Fj/view?usp=sharing"
},
{
  "_id": {
    "$oid": "65c9c84f0b9860101919a0e3"
  },
  "Papers": "JEE Main 2020 September 3 Shift 1 Question Paper with Answer Key",
  "Link": "https://drive.google.com/file/d/1M11DlkJnz6QBUYXFjfbV05HnwWV6J2jq/view?usp=sharing"
},
{
  "_id": {
    "$oid": "65c9c84f0b9860101919a0e4"
  },
  "Papers": "JEE Main 2020 September 3 Shift 2 Question Paper with Answer Key",
  "Link": "https://drive.google.com/file/d/1wFewQCt6Y2tUvs0JAwgFS0_UaDXKnlHU/view?usp=sharing"
},
{
  "_id": {
    "$oid": "65c9c84f0b9860101919a0e5"
  },
  "Papers": "JEE Main 2020 September 4 Shift 1 Question Paper with Answer Key",
  "Link": "https://drive.google.com/file/d/1WeCPUBtNH6tLmEHFJCghG2dBLwWCAzmB/view?usp=sharing"
},
{
  "_id": {
    "$oid": "65c9c84f0b9860101919a0e6"
  },
  "Papers": "JEE Main 2020 September 4 Shift 2 Question Paper with Answer Key",
  "Link": "https://drive.google.com/file/d/132nzRDTabHZXr0aldU8YYUHfVSzxyKkK/view?usp=sharing"
},
{
  "_id": {
    "$oid": "65c9c84f0b9860101919a0e7"
  },
  "Papers": "JEE Main 2020 September 5 Shift 1 Question Paper with Answer Key",
  "Link": "https://drive.google.com/file/d/1lvZDIY0NDrMhpDLUBn7GVQb4deQ_uR4d/view?usp=sharing"
},
{
  "_id": {
    "$oid": "65c9c84f0b9860101919a0e8"
  },
  "Papers": "JEE Main 2020 September 5 Shift 2 Question Paper with Answer Key",
  "Link": "https://drive.google.com/file/d/1FDSBIepYpjHuewA9FoEKu-fupygnOU12/view?usp=sharing"
},
{
  "_id": {
    "$oid": "65c9c84f0b9860101919a0e9"
  },
  "Papers": "JEE Main 2020 September 6 Shift 1 Question Paper with Answer Key",
  "Link": "https://drive.google.com/file/d/1lCHojnF8IvMVKjTxVqsFFEJ-sx6uH4im/view?usp=sharing"
},
{
  "_id": {
    "$oid": "65c9c84f0b9860101919a0ea"
  },
  "Papers": "JEE Main 2020 September 6 Shift 2 Question Paper with Answer Key",
  "Link": "https://drive.google.com/file/d/144umsEmyTgZnyfScgX_BLr4F9Mj--9uz/view?usp=sharing"
},
{
  "_id": {
    "$oid": "65c9c84f0b9860101919a0eb"
  },
  "Papers": "JEE Main 2021 February 24 Shift 1 Question Paper with Answer Key",
  "Link": "https://drive.google.com/file/d/1ypV3rEnPYnXUF29nommhgKPORW2x-lij/view?usp=sharing"
},
{
  "_id": {
    "$oid": "65c9c84f0b9860101919a0ec"
  },
  "Papers": "JEE Main 2021 February 24 Shift 2 Question Paper with Answer Ke",
  "Link": "https://drive.google.com/file/d/1v8lgUChwNxlO5yPnLqWmd75yU8n2f7qf/view?usp=sharing"
},
{
  "_id": {
    "$oid": "65c9c84f0b9860101919a0ed"
  },
  "Papers": "JEE Main 2021 February 25 Shift 1 Question Paper with Answer Key",
  "Link": "https://drive.google.com/file/d/1WwKlMRj4AoThD5i4o-Tw2w7gmJs3AeNz/view?usp=sharing"
},
{
  "_id": {
    "$oid": "65c9c84f0b9860101919a0ee"
  },
  "Papers": "JEE Main 2021 February 25 Shift 2 Question Paper with Answer Key",
  "Link": "https://drive.google.com/file/d/1dEb01EYrPfOd4BLAtWCYXo6JrIuzUftI/view?usp=sharing"
},
{
  "_id": {
    "$oid": "65c9c84f0b9860101919a0ef"
  },
  "Papers": "JEE Main 2021 February 26 Shift 1 Question Paper with Answer Key",
  "Link": "https://drive.google.com/file/d/12a4rgUz2IlgSpLRmH4Nk0iOAwUAptB-k/view?usp=sharing"
},
{
  "_id": {
    "$oid": "65c9c84f0b9860101919a0f0"
  },
  "Papers": "JEE Main 2021 February 26 Shift 2 Question Paper with Answer Key",
  "Link": "https://drive.google.com/file/d/1QJcWrfUw187uNxCmm8VsLTgw5iF9ylWy/view?usp=sharing"
},
{
  "_id": {
    "$oid": "65c9c84f0b9860101919a0f1"
  },
  "Papers": "JEE Main 2021 March 16 Shift 1 Question Paper with Answer Key",
  "Link": "https://drive.google.com/file/d/1xC5qSzVTh5GY43vyTT84M-uibMXG6AeY/view?usp=sharing"
},
{
  "_id": {
    "$oid": "65c9c84f0b9860101919a0f2"
  },
  "Papers": "JEE Main 2021 March 16 Shift 2 Question Paper with Answer Key",
  "Link": "https://drive.google.com/file/d/1ib5UuZrinMID-rqm1Sk9hIgCK6fbFOcG/view?usp=sharing"
},
{
  "_id": {
    "$oid": "65c9c84f0b9860101919a0f3"
  },
  "Papers": "JEE Main 2021 March 17 Shift 1 Question Paper with Answer Key",
  "Link": "https://drive.google.com/file/d/1T43vI1UufKGkKWN0YeK9VjIZDIqPzkUV/view?usp=sharing"
},
{
  "_id": {
    "$oid": "65c9c84f0b9860101919a0f4"
  },
  "Papers": "JEE Main 2021 March 17 Shift 2 Question Paper with Answer Key",
  "Link": "https://drive.google.com/file/d/1cw4TRnWhQfNnHSI3sr6573bM-HFnRk1w/view?usp=sharing"
},
{
  "_id": {
    "$oid": "65c9c84f0b9860101919a0f5"
  },
  "Papers": "JEE Main 2021 March 18 Shift 1 Question Paper with Answer Key",
  "Link": "https://drive.google.com/file/d/1Nnnws9ePXHbZOvVTWywD8hHznPf0aOSh/view?usp=sharing"
},
{
  "_id": {
    "$oid": "65c9c84f0b9860101919a0f6"
  },
  "Papers": "JEE Main 2021 March 18 Shift 2 Question Paper with Answer Key",
  "Link": "https://drive.google.com/file/d/1bbBDnyTbHPcgllk7X3Dh2DcWnwTXs5EO/view?usp=sharing"
},
{
  "_id": {
    "$oid": "65c9c84f0b9860101919a0f7"
  },
  "Papers": "JEE Main 2022 June 24 Shift 1 Question Paper with Answer Key",
  "Link": "https://drive.google.com/file/d/1T2AGxAcveRpjqBFr1km8xziYJKPbTgDo/view?usp=sharing"
},
{
  "_id": {
    "$oid": "65c9c84f0b9860101919a0f8"
  },
  "Papers": "JEE Main 2022 June 24 Shift 2 Question Paper with Answer Key",
  "Link": "https://drive.google.com/file/d/1vRaCdAka0Dqj7wA1bTSyD3h-5FnLIX4d/view?usp=sharing"
},
{
  "_id": {
    "$oid": "65c9c84f0b9860101919a0f9"
  },
  "Papers": "JEE Main 2022 June 25 Shift 1 Question Paper with Answer Key",
  "Link": "https://drive.google.com/file/d/1zz63S8jUuvx-hOQCpziuFYdN5Hl4Znti/view?usp=sharing"
},
{
  "_id": {
    "$oid": "65c9c84f0b9860101919a0fa"
  },
  "Papers": "JEE Main 2022 June 25 Shift 2 Question Paper with Answer Key",
  "Link": "https://drive.google.com/file/d/1b8Olbnm83sAb0lGFWxOwg3YhII_q3MN8/view?usp=sharing"
},
{
  "_id": {
    "$oid": "65c9c84f0b9860101919a0fb"
  },
  "Papers": "JEE Main 2022 June 26 Shift 1 Question Paper with Answer Key",
  "Link": "https://drive.google.com/file/d/1E7zpZKv_VTKL97Np4wt30YFHH-Shd18Y/view?usp=sharing"
},
{
  "_id": {
    "$oid": "65c9c84f0b9860101919a0fc"
  },
  "Papers": "JEE Main 2022 June 26 Shift 2 Question Paper with Answer Key",
  "Link": "https://drive.google.com/file/d/16L1khhuUlYgUB5Ar9z4oXVADAImzA0fh/view?usp=sharing"
},
{
  "_id": {
    "$oid": "65c9c84f0b9860101919a0fd"
  },
  "Papers": "JEE Main 2022 June 27 Shift 1 Question Paper with Answer Key",
  "Link": "https://drive.google.com/file/d/1PuVPQqMwDDNE7ICXKr1E5pAbC9OX83lJ/view?usp=sharing"
},
{
  "_id": {
    "$oid": "65c9c84f0b9860101919a0fe"
  },
  "Papers": "JEE Main 2022 June 27 Shift 2 Question Paper with Answer Key",
  "Link": "https://drive.google.com/file/d/1K_AhfgB2pP-WFXq32u68wil98oE2i-oz/view?usp=sharing"
},
{
  "_id": {
    "$oid": "65c9c84f0b9860101919a0ff"
  },
  "Papers": "JEE Main 2022 June 28 Shift 1 Question Paper with Answer Key",
  "Link": "https://drive.google.com/file/d/1eJg5CXPQj00ETIxCVuaOKcs-sxckYjV5/view?usp=sharing"
},
{
  "_id": {
    "$oid": "65c9c84f0b9860101919a100"
  },
  "Papers": "JEE Main 2022 June 28 Shift 2 Question Paper with Answer Key",
  "Link": "https://drive.google.com/file/d/1vRYDtQJW-ORWbe0vHzKX23BlMTxbTa0k/view?usp=sharing"
},
{
  "_id": {
    "$oid": "65c9c84f0b9860101919a101"
  },
  "Papers": "JEE Main 2022 June 29 Shift 1 Question Paper with Answer Key",
  "Link": "https://drive.google.com/file/d/1ZYu7b4YahFCcldhEPX79AlMZFPuf_hWC/view?usp=sharing"
},
{
  "_id": {
    "$oid": "65c9c84f0b9860101919a102"
  },
  "Papers": "JEE Main 2022 June 29 Shift 2 Question Paper with Answer Key",
  "Link": "https://drive.google.com/file/d/1x_PoWgmgBsZN9G3Ta7Jhnon9Be3dL-rD/view?usp=sharing"
},
{
  "_id": {
    "$oid": "65c9c84f0b9860101919a103"
  },
  "Papers": "JEE Main 2023 (April 6th Shift 1) Chemistry Question Paper with Answer Key",
  "Link": "https://drive.google.com/file/d/1PbmYu0AlJOMzWK2DyPDZ-5hdsmFwr0iU/view?usp=sharing"
},
{
  "_id": {
    "$oid": "65c9c84f0b9860101919a104"
  },
  "Papers": "JEE Main 2023 (April 6th Shift 1) Maths Question Paper with Answer Key",
  "Link": "https://drive.google.com/file/d/1Zv_coJBpFXhdJQJPAarudecDtpAlnyez/view?usp=sharing"
},
{
  "_id": {
    "$oid": "65c9c84f0b9860101919a105"
  },
  "Papers": "JEE Main 2023 (April 6th Shift 1) Physics Question Paper with Answer Key",
  "Link": "https://drive.google.com/file/d/14yko3upRDhB-xF6ei9xGwn8AOlcXlr4e/view?usp=sharing"
},
{
  "_id": {
    "$oid": "65c9c84f0b9860101919a106"
  },
  "Papers": "JEE Main 2023 (January 31 Evening Shift) Question Paper with Solutions [PDF]",
  "Link": "https://drive.google.com/file/d/168bXsNSkK8f1O3ZAbGpp2amuCyocTmep/view?usp=sharing"
},
{
  "_id": {
    "$oid": "65c9c84f0b9860101919a107"
  },
  "Papers": "JEE Main 2023 January 24 Shift 1 Question Paper with Answer Key",
  "Link": "https://drive.google.com/file/d/1SBmpHKGeRjq_BcoBJ8CU0B81_Prmk-Gc/view?usp=sharing"
},
{
  "_id": {
    "$oid": "65c9c84f0b9860101919a108"
  },
  "Papers": "JEE Main 2023 January 24 Shift 2 Question Paper with Answer Key",
  "Link": "https://drive.google.com/file/d/1Grcc4ZKr8tasNKSWfrBnLlmxlp3zgO-Y/view?usp=sharing"
},
{
  "_id": {
    "$oid": "65c9c84f0b9860101919a109"
  },
  "Papers": "JEE Main 2023 January 25 Shift 1 Question Paper with Answer Ke",
  "Link": "https://drive.google.com/file/d/1l-Iggpn2aLrinQ1iSZRLGjjfhAP3lpb3/view?usp=sharing"
},
{
  "_id": {
    "$oid": "65c9c84f0b9860101919a10a"
  },
  "Papers": "JEE Main 2023 January 25 Shift 2 Question Paper with Answer Key",
  "Link": "https://drive.google.com/file/d/1QJI0DirG_wA93iw9i7j-gfMu3bloulTA/view?usp=sharing"
},
{
  "_id": {
    "$oid": "65c9c84f0b9860101919a10b"
  },
  "Papers": "JEE Main 2023 January 29 Shift 2 Question Paper with Answer Key",
  "Link": "https://drive.google.com/file/d/1xJ8ZPsd6nphxFvfIH5jD-fW8bjU-fFKw/view?usp=sharing"
},
{
  "_id": {
    "$oid": "65c9c84f0b9860101919a10c"
  },
  "Papers": "JEE Main 2023 January 30 Shift 1 Question Paper with Answer Key",
  "Link": "https://drive.google.com/file/d/1CPOZROpxl_EmCSr5AK0F9j_QsJzEMZDX/view?usp=sharing"
},
{
  "_id": {
    "$oid": "65c9c84f0b9860101919a10d"
  },
  "Papers": "JEE Main 2023 January 30 Shift 2 Question Paper with Answer Key",
  "Link": "https://drive.google.com/file/d/1kvkxu6FpIY2o1yZywcT30w5sEMTbs_jB/view?usp=sharing"
}]