[{
  "_id": {
    "$oid": "65cc84633d78f32107076ed3"
  },
  "Name": "sohail",
  "Username": "sohail1",
  "Email": "sssohail2902@gmail.com",
  "Password": "12",
  "Phone_Number": "+919022681364",
  "Subject": "maths"
},
{
  "_id": {
    "$oid": "65cf3b861b314fbbc50335b2"
  },
  "Name": "Sohail Shaikh",
  "Username": "mam",
  "Email": "sssohail2902@gmail.com",
  "Password": "7b52009b64fd0a2a49e6d8a939753077792b0554",
  "Phone_Number": "09022681364",
  "Subject": "sci"
},
{
  "_id": {
    "$oid": "65cf562bf7e2ef52d80dd6a2"
  },
  "Name": "abc",
  "Username": "teacher",
  "Email": "sssohail2902@gmail.com",
  "Password": "123",
  "Phone_Number": "09022681365",
  "Subject": "maths"
},
{
  "_id": {
    "$oid": "65d416a0758139f7fd01dd62"
  },
  "Name": "Heyy",
  "Username": "h",
  "Email": "sssohail2902@gmail.com",
  "Password": "7b52009b64fd0a2a49e6d8a939753077792b0554",
  "Phone_Number": "+919022681364",
  "Subject": "sci"
},
{
  "_id": {
    "$oid": "65d4b5a4152e19ce5d0007f5"
  },
  "Name": "Sohail Shaikh",
  "Username": "Sohail",
  "Email": "sssohail2902@gmail.com",
  "Password": "7b52009b64fd0a2a49e6d8a939753077792b0554",
  "Phone_Number": "09022681364",
  "Subject": "Python"
}]