[{
  "_id": {
    "$oid": "65ac026224031adf9d6da3c8"
  },
  "Days": 1,
  "Link1 ": "https://byjus.com/jee/sets-relations-and-functions/",
  "Link2": "https://unacademy.com/content/jee/study-material/mathematics/sets-relations-and-functions/",
  "Link3": "https://www.toppr.com/guides/business-mathematics-and-statistics/sets-relations-and-functions/basic-definitions-and-concepts/"
},
{
  "_id": {
    "$oid": "65ac026224031adf9d6da3c9"
  },
  "Days": 2,
  "Link1 ": "https://byjus.com/jee/sets-relations-and-functions/",
  "Link2": "https://unacademy.com/content/jee/study-material/mathematics/sets-relations-and-functions/",
  "Link3": "https://www.toppr.com/guides/business-mathematics-and-statistics/sets-relations-and-functions/basic-definitions-and-concepts/"
},
{
  "_id": {
    "$oid": "65ac026224031adf9d6da3ca"
  },
  "Days": 3,
  "Link1 ": "https://byjus.com/maths/complex-numbers/#:~:text=Complex%20Numbers%20in%20Maths,an%20imaginary%20number%20(Im).",
  "Link2": "https://www.khanacademy.org/math/algebra2/x2ec2f6f830c9fb89:complex",
  "Link3": "https://www.geeksforgeeks.org/complex-numbers/"
},
{
  "_id": {
    "$oid": "65ac026224031adf9d6da3cb"
  },
  "Days": 4,
  "Link1 ": "https://byjus.com/maths/complex-numbers/#:~:text=Complex%20Numbers%20in%20Maths,an%20imaginary%20number%20(Im).",
  "Link2": "https://www.khanacademy.org/math/algebra2/x2ec2f6f830c9fb89:complex",
  "Link3": "https://www.geeksforgeeks.org/complex-numbers/"
},
{
  "_id": {
    "$oid": "65ac026224031adf9d6da3cc"
  },
  "Days": 5,
  "Link1 ": "https://byjus.com/jee/determinants/#:~:text=A%20determinant%20is%20a%20scalar,3%20b%203%20c%203%20%7C",
  "Link2": "https://www.khanacademy.org/math/multivariable-calculus/thinking-about-multivariable-function/x786f2022:vectors-and-matrices/a/determinants-mvc",
  "Link3": "https://www.toppr.com/guides/maths/determinants/determinant-of-a-matrix/"
},
{
  "_id": {
    "$oid": "65ac026224031adf9d6da3cd"
  },
  "Days": 6,
  "Link1 ": "https://byjus.com/jee/determinants/#:~:text=A%20determinant%20is%20a%20scalar,3%20b%203%20c%203%20%7C",
  "Link2": "https://www.khanacademy.org/math/multivariable-calculus/thinking-about-multivariable-function/x786f2022:vectors-and-matrices/a/determinants-mvc",
  "Link3": "https://www.toppr.com/guides/maths/determinants/determinant-of-a-matrix/"
},
{
  "_id": {
    "$oid": "65ac026224031adf9d6da3ce"
  },
  "Days": 7,
  "Link1 ": "",
  "Link2": "",
  "Link3": ""
},
{
  "_id": {
    "$oid": "65ac026224031adf9d6da3cf"
  },
  "Days": 8,
  "Link1 ": "https://byjus.com/jee/units-and-measurements-class-11-notes-for-jee/",
  "Link2": "https://www.vedantu.com/jee-main/physics-physics-and-measurement-revision-notes",
  "Link3": "https://unacademy.com/content/jee/study-material/physics/physics-and-measurement/"
},
{
  "_id": {
    "$oid": "65ac026224031adf9d6da3d0"
  },
  "Days": 9,
  "Link1 ": "https://byjus.com/jee/units-and-measurements-class-11-notes-for-jee/",
  "Link2": "https://www.vedantu.com/jee-main/physics-physics-and-measurement-revision-notes",
  "Link3": "https://unacademy.com/content/jee/study-material/physics/physics-and-measurement/"
},
{
  "_id": {
    "$oid": "65ac026224031adf9d6da3d1"
  },
  "Days": 10,
  "Link1 ": "https://www.vedantu.com/jee-main/physics-kinematics-revision-notes",
  "Link2": "https://byjus.com/jee/jee-main-kinematics-1d-previous-year-questions-with-solutions/",
  "Link3": "https://unacademy.com/content/jee/study-material/physics/kinematics/"
},
{
  "_id": {
    "$oid": "65ac026224031adf9d6da3d2"
  },
  "Days": 11,
  "Link1 ": "https://www.vedantu.com/jee-main/physics-kinematics-revision-notes",
  "Link2": "https://byjus.com/jee/jee-main-kinematics-1d-previous-year-questions-with-solutions/",
  "Link3": "https://unacademy.com/content/jee/study-material/physics/kinematics/"
},
{
  "_id": {
    "$oid": "65ac026224031adf9d6da3d3"
  },
  "Days": 12,
  "Link1 ": "https://byjus.com/jee/newtons-law-of-motion-jee-advanced-previous-year-questions-with-solutions/#:~:text=Newton's%20Second%20Law%20of%20Motion,an%20equal%20and%20opposite%20reaction.%E2%80%9D",
  "Link2": "https://www.vedantu.com/jee-main/physics-laws-of-motion-revision-notes",
  "Link3": "https://unacademy.com/content/jee/study-material/physics/application-of-newtons-laws-of-motion/"
},
{
  "_id": {
    "$oid": "65ac026224031adf9d6da3d4"
  },
  "Days": 13,
  "Link1 ": "https://byjus.com/jee/newtons-law-of-motion-jee-advanced-previous-year-questions-with-solutions/#:~:text=Newton's%20Second%20Law%20of%20Motion,an%20equal%20and%20opposite%20reaction.%E2%80%9D",
  "Link2": "https://www.vedantu.com/jee-main/physics-laws-of-motion-revision-notes",
  "Link3": "https://unacademy.com/content/jee/study-material/physics/application-of-newtons-laws-of-motion/"
},
{
  "_id": {
    "$oid": "65ac026224031adf9d6da3d5"
  },
  "Days": 14,
  "Link1 ": "",
  "Link2": "",
  "Link3": ""
},
{
  "_id": {
    "$oid": "65ac026224031adf9d6da3d6"
  },
  "Days": 15,
  "Link1 ": "https://www.vedantu.com/jee-main/chemistry-some-basic-concepts-in-chemistry-revision-notes",
  "Link2": "https://unacademy.com/content/jee/study-material/chemistry/some-basic-concepts-in-chemistry/",
  "Link3": "https://infinitylearn.com/surge/blog/iit-jee/important-concepts-chemistry-jee/"
},
{
  "_id": {
    "$oid": "65ac026224031adf9d6da3d7"
  },
  "Days": 16,
  "Link1 ": "https://www.vedantu.com/jee-main/chemistry-some-basic-concepts-in-chemistry-revision-notes",
  "Link2": "https://unacademy.com/content/jee/study-material/chemistry/some-basic-concepts-in-chemistry/",
  "Link3": "https://infinitylearn.com/surge/blog/iit-jee/important-concepts-chemistry-jee/"
},
{
  "_id": {
    "$oid": "65ac026224031adf9d6da3d8"
  },
  "Days": 17,
  "Link1 ": "https://www.vedantu.com/jee-main/chemistry-states-of-matter-revision-notes",
  "Link2": "https://collegedunia.com/news/e-301-jee-main-study-notes-for-states-of-matter",
  "Link3": "https://www.askiitians.com/iit-jee-states-of-matter/"
},
{
  "_id": {
    "$oid": "65ac026224031adf9d6da3d9"
  },
  "Days": 18,
  "Link1 ": "https://www.vedantu.com/jee-main/chemistry-states-of-matter-revision-notes",
  "Link2": "https://collegedunia.com/news/e-301-jee-main-study-notes-for-states-of-matter",
  "Link3": "https://www.askiitians.com/iit-jee-states-of-matter/"
},
{
  "_id": {
    "$oid": "65ac026224031adf9d6da3da"
  },
  "Days": 19,
  "Link1 ": "https://byjus.com/jee/chemical-bonding-jee-notes/#:~:text=Chemical%20bonding%20is%20basically%20the,they%20take%20part%20in%20this.",
  "Link2": "https://www.vedantu.com/jee-main/chemistry-chemical-bonding-and-molecular-structure-revision-notes",
  "Link3": "https://unacademy.com/content/wp-content/uploads/sites/2/2022/10/4.-Chemical-bonding-Notes-min.pdf"
},
{
  "_id": {
    "$oid": "65ac026224031adf9d6da3db"
  },
  "Days": 20,
  "Link1 ": "https://byjus.com/jee/chemical-bonding-jee-notes/#:~:text=Chemical%20bonding%20is%20basically%20the,they%20take%20part%20in%20this.",
  "Link2": "https://www.vedantu.com/jee-main/chemistry-chemical-bonding-and-molecular-structure-revision-notes",
  "Link3": "https://unacademy.com/content/wp-content/uploads/sites/2/2022/10/4.-Chemical-bonding-Notes-min.pdf"
},
{
  "_id": {
    "$oid": "65ac026224031adf9d6da3dc"
  },
  "Days": 21,
  "Link1 ": "https://www.vedantu.com/jee-main/chemistry-atomic-structure-revision-notes",
  "Link2": "https://www.selfstudys.com/books/jee-chemistry/english/notes/1-atomic-structures/4725",
  "Link3": "https://www.esaral.com/structure-of-atom-class-11-notes-for-neet/"
},
{
  "_id": {
    "$oid": "65ac026224031adf9d6da3dd"
  },
  "Days": 22,
  "Link1 ": "https://www.vedantu.com/jee-main/chemistry-atomic-structure-revision-notes",
  "Link2": "https://www.selfstudys.com/books/jee-chemistry/english/notes/1-atomic-structures/4725",
  "Link3": "https://www.esaral.com/structure-of-atom-class-11-notes-for-neet/"
},
{
  "_id": {
    "$oid": "65ac026224031adf9d6da3de"
  },
  "Days": 23,
  "Link1 ": "",
  "Link2": "",
  "Link3": ""
},
{
  "_id": {
    "$oid": "65ac026224031adf9d6da3df"
  },
  "Days": 24,
  "Link1 ": "",
  "Link2": "",
  "Link3": ""
},
{
  "_id": {
    "$oid": "65ac026224031adf9d6da3e0"
  },
  "Days": 25,
  "Link1 ": "",
  "Link2": "",
  "Link3": ""
},
{
  "_id": {
    "$oid": "65ac026224031adf9d6da3e1"
  },
  "Days": 26,
  "Link1 ": "",
  "Link2": "",
  "Link3": ""
},
{
  "_id": {
    "$oid": "65ac026224031adf9d6da3e2"
  },
  "Days": 27,
  "Link1 ": "",
  "Link2": "",
  "Link3": ""
},
{
  "_id": {
    "$oid": "65ac026224031adf9d6da3e3"
  },
  "Days": 28,
  "Link1 ": "",
  "Link2": "",
  "Link3": ""
},
{
  "_id": {
    "$oid": "65ac026224031adf9d6da3e4"
  },
  "Days": 29,
  "Link1 ": "",
  "Link2": "",
  "Link3": ""
},
{
  "_id": {
    "$oid": "65ac026224031adf9d6da3e5"
  },
  "Days": 30,
  "Link1 ": "",
  "Link2": "",
  "Link3": ""
},
{
  "_id": {
    "$oid": "65ac026224031adf9d6da3e6"
  },
  "Days": 31,
  "Link1 ": "https://byjus.com/jee/quadratic-equation-notes-for-iit-jee-pdf/",
  "Link2": "https://unacademy.com/content/jee/study-material/mathematics/quadratic-equations/",
  "Link3": "https://www.askiitians.com/revision-notes/maths/quadratic-equations/"
},
{
  "_id": {
    "$oid": "65ac026224031adf9d6da3e7"
  },
  "Days": 32,
  "Link1 ": "https://byjus.com/jee/quadratic-equation-notes-for-iit-jee-pdf/",
  "Link2": "https://unacademy.com/content/jee/study-material/mathematics/quadratic-equations/",
  "Link3": "https://www.askiitians.com/revision-notes/maths/quadratic-equations/"
},
{
  "_id": {
    "$oid": "65ac026224031adf9d6da3e8"
  },
  "Days": 33,
  "Link1 ": "https://byjus.com/jee/important-matrices-and-determinants-formulas-for-jee/",
  "Link2": "https://www.vedantu.com/jee-main/maths-matrices-and-determinants-revision-notes",
  "Link3": "https://unacademy.com/content/jee/study-material/mathematics/matrices/"
},
{
  "_id": {
    "$oid": "65ac026224031adf9d6da3e9"
  },
  "Days": 34,
  "Link1 ": "https://byjus.com/jee/important-matrices-and-determinants-formulas-for-jee/",
  "Link2": "https://www.vedantu.com/jee-main/maths-matrices-and-determinants-revision-notes",
  "Link3": "https://unacademy.com/content/jee/study-material/mathematics/matrices/"
},
{
  "_id": {
    "$oid": "65ac026224031adf9d6da3ea"
  },
  "Days": 35,
  "Link1 ": "https://byjus.com/jee/jee-main-permutations-and-combinations-previous-year-questions-with-solutions/",
  "Link2": "https://www.vedantu.com/jee-main/maths-permutations-and-combinations-revision-notes",
  "Link3": "https://www.esaral.com/permutations-combinations-class-11-notes/"
},
{
  "_id": {
    "$oid": "65ac026224031adf9d6da3eb"
  },
  "Days": 36,
  "Link1 ": "https://byjus.com/jee/jee-main-permutations-and-combinations-previous-year-questions-with-solutions/",
  "Link2": "https://www.vedantu.com/jee-main/maths-permutations-and-combinations-revision-notes",
  "Link3": "https://www.esaral.com/permutations-combinations-class-11-notes/"
},
{
  "_id": {
    "$oid": "65ac026224031adf9d6da3ec"
  },
  "Days": 37,
  "Link1 ": "",
  "Link2": "",
  "Link3": ""
},
{
  "_id": {
    "$oid": "65ac026224031adf9d6da3ed"
  },
  "Days": 38,
  "Link1 ": "https://www.vedantu.com/jee-main/physics-work-energy-and-power-revision-notes",
  "Link2": "https://www.esaral.com/work-energy-and-power-class-11-physics-notes/",
  "Link3": "https://questions.examside.com/past-years/jee/jee-main/physics/work-power-and-energy"
},
{
  "_id": {
    "$oid": "65ac026224031adf9d6da3ee"
  },
  "Days": 39,
  "Link1 ": "https://www.vedantu.com/jee-main/physics-work-energy-and-power-revision-notes",
  "Link2": "https://www.esaral.com/work-energy-and-power-class-11-physics-notes/",
  "Link3": "https://questions.examside.com/past-years/jee/jee-main/physics/work-power-and-energy"
},
{
  "_id": {
    "$oid": "65ac026224031adf9d6da3ef"
  },
  "Days": 40,
  "Link1 ": "https://byjus.com/jee/rotational-motion/",
  "Link2": "https://www.vedantu.com/jee-main/physics-rotational-motion-revision-notes",
  "Link3": "https://www.esaral.com/system-of-particles-and-rotational-motion-class-11-notes/"
},
{
  "_id": {
    "$oid": "65ac026224031adf9d6da3f0"
  },
  "Days": 41,
  "Link1 ": "https://byjus.com/jee/rotational-motion/",
  "Link2": "https://www.vedantu.com/jee-main/physics-rotational-motion-revision-notes",
  "Link3": "https://www.esaral.com/system-of-particles-and-rotational-motion-class-11-notes/"
},
{
  "_id": {
    "$oid": "65ac026224031adf9d6da3f1"
  },
  "Days": 42,
  "Link1 ": "https://byjus.com/jee/gravitation-notes-for-iit-jee/",
  "Link2": "https://www.vedantu.com/jee-main/physics-gravitation-revision-notes",
  "Link3": "https://www.masterjeeclasses.com/wp-content/uploads/2018/12/10.GravitationTheory.pdf"
},
{
  "_id": {
    "$oid": "65ac026224031adf9d6da3f2"
  },
  "Days": 43,
  "Link1 ": "https://byjus.com/jee/gravitation-notes-for-iit-jee/",
  "Link2": "https://www.vedantu.com/jee-main/physics-gravitation-revision-notes",
  "Link3": "https://www.masterjeeclasses.com/wp-content/uploads/2018/12/10.GravitationTheory.pdf"
},
{
  "_id": {
    "$oid": "65ac026224031adf9d6da3f3"
  },
  "Days": 44,
  "Link1 ": "",
  "Link2": "",
  "Link3": ""
},
{
  "_id": {
    "$oid": "65ac026224031adf9d6da3f4"
  },
  "Days": 45,
  "Link1 ": "https://www.vedantu.com/jee-main/chemistry-chemical-bonding-and-molecular-structure-revision-notes",
  "Link2": "https://byjus.com/jee/chemical-bonding-jee-notes/",
  "Link3": "https://www.esaral.com/chemical-bonding-and-molecular-structure-notes-class-11-jee-neet/"
},
{
  "_id": {
    "$oid": "65ac026224031adf9d6da3f5"
  },
  "Days": 46,
  "Link1 ": "https://www.vedantu.com/jee-main/chemistry-chemical-bonding-and-molecular-structure-revision-notes",
  "Link2": "https://byjus.com/jee/chemical-bonding-jee-notes/",
  "Link3": "https://www.esaral.com/chemical-bonding-and-molecular-structure-notes-class-11-jee-neet/"
},
{
  "_id": {
    "$oid": "65ac026224031adf9d6da3f6"
  },
  "Days": 47,
  "Link1 ": "https://www.vedantu.com/jee-main/chemistry-solutions-revision-notes",
  "Link2": "https://www.esaral.com/solutions-chemistry-class-12-notes-for-jee-neet/",
  "Link3": "https://www.askiitians.com/iit-jee-solutions-colligative-properties/"
},
{
  "_id": {
    "$oid": "65ac026224031adf9d6da3f7"
  },
  "Days": 48,
  "Link1 ": "https://www.vedantu.com/jee-main/chemistry-solutions-revision-notes",
  "Link2": "https://www.esaral.com/solutions-chemistry-class-12-notes-for-jee-neet/",
  "Link3": "https://www.askiitians.com/iit-jee-solutions-colligative-properties/"
},
{
  "_id": {
    "$oid": "65ac026224031adf9d6da3f8"
  },
  "Days": 49,
  "Link1 ": "https://byjus.com/jee/redox-reactions/",
  "Link2": "https://www.askiitians.com/iit-jee-redox-reactions/",
  "Link3": "https://www.vedantu.com/jee-main/chemistry-redox-reactions-and-electrochemistry-revision-notes"
},
{
  "_id": {
    "$oid": "65ac026224031adf9d6da3f9"
  },
  "Days": 50,
  "Link1 ": "https://byjus.com/jee/redox-reactions/",
  "Link2": "https://www.askiitians.com/iit-jee-redox-reactions/",
  "Link3": "https://www.vedantu.com/jee-main/chemistry-redox-reactions-and-electrochemistry-revision-notes"
},
{
  "_id": {
    "$oid": "65ac026224031adf9d6da3fa"
  },
  "Days": 51,
  "Link1 ": "https://byjus.com/jee/thermodynamics-for-iit-jee/",
  "Link2": "https://www.vedantu.com/jee-main/chemistry-chemical-thermodynamics-revision-notes",
  "Link3": "https://www.masterjeeclasses.com/wp-content/uploads/2018/12/4.THERMODYNAMICS-AND-THERMOCHEMISTRY-THEORY.pdf"
},
{
  "_id": {
    "$oid": "65ac026224031adf9d6da3fb"
  },
  "Days": 52,
  "Link1 ": "https://byjus.com/jee/thermodynamics-for-iit-jee/",
  "Link2": "https://www.vedantu.com/jee-main/chemistry-chemical-thermodynamics-revision-notes",
  "Link3": "https://www.masterjeeclasses.com/wp-content/uploads/2018/12/4.THERMODYNAMICS-AND-THERMOCHEMISTRY-THEORY.pdf"
},
{
  "_id": {
    "$oid": "65ac026224031adf9d6da3fc"
  },
  "Days": 53,
  "Link1 ": "",
  "Link2": "",
  "Link3": ""
},
{
  "_id": {
    "$oid": "65ac026224031adf9d6da3fd"
  },
  "Days": 54,
  "Link1 ": "",
  "Link2": "",
  "Link3": ""
},
{
  "_id": {
    "$oid": "65ac026224031adf9d6da3fe"
  },
  "Days": 55,
  "Link1 ": "",
  "Link2": "",
  "Link3": ""
},
{
  "_id": {
    "$oid": "65ac026224031adf9d6da3ff"
  },
  "Days": 56,
  "Link1 ": "",
  "Link2": "",
  "Link3": ""
},
{
  "_id": {
    "$oid": "65ac026224031adf9d6da400"
  },
  "Days": 57,
  "Link1 ": "",
  "Link2": "",
  "Link3": ""
},
{
  "_id": {
    "$oid": "65ac026224031adf9d6da401"
  },
  "Days": 58,
  "Link1 ": "",
  "Link2": "",
  "Link3": ""
},
{
  "_id": {
    "$oid": "65ac026224031adf9d6da402"
  },
  "Days": 59,
  "Link1 ": "",
  "Link2": "",
  "Link3": ""
},
{
  "_id": {
    "$oid": "65ac026224031adf9d6da403"
  },
  "Days": 60,
  "Link1 ": "",
  "Link2": "",
  "Link3": ""
},
{
  "_id": {
    "$oid": "65ac026224031adf9d6da404"
  },
  "Days": 61,
  "Link1 ": "https://byjus.com/jee/principle-of-mathematical-induction-problems/",
  "Link2": "https://www.vedantu.com/jee-main/maths-mathematical-induction-important-questions",
  "Link3": "https://www.askiitians.com/iit-study-material/iit-jee-mathematics/algebra/principle-of-mathematical-induction/"
},
{
  "_id": {
    "$oid": "65ac026224031adf9d6da405"
  },
  "Days": 62,
  "Link1 ": "https://byjus.com/jee/principle-of-mathematical-induction-problems/",
  "Link2": "https://www.vedantu.com/jee-main/maths-mathematical-induction-important-questions",
  "Link3": "https://www.askiitians.com/iit-study-material/iit-jee-mathematics/algebra/principle-of-mathematical-induction/"
},
{
  "_id": {
    "$oid": "65ac026224031adf9d6da406"
  },
  "Days": 63,
  "Link1 ": "https://byjus.com/jee/sequence-and-series-introduction/",
  "Link2": "https://www.vedantu.com/jee-main/maths-sequences-and-series-revision-notes",
  "Link3": "https://www.masterjeeclasses.com/wp-content/uploads/2019/01/3.-SEQUENCES-AND-SERIES-THEORY.pdf"
},
{
  "_id": {
    "$oid": "65ac026224031adf9d6da407"
  },
  "Days": 64,
  "Link1 ": "https://byjus.com/jee/sequence-and-series-introduction/",
  "Link2": "https://www.vedantu.com/jee-main/maths-sequences-and-series-revision-notes",
  "Link3": "https://www.masterjeeclasses.com/wp-content/uploads/2019/01/3.-SEQUENCES-AND-SERIES-THEORY.pdf"
},
{
  "_id": {
    "$oid": "65ac026224031adf9d6da408"
  },
  "Days": 65,
  "Link1 ": "https://byjus.com/jee/binomial-theorem/",
  "Link2": "https://www.masterjeeclasses.com/wp-content/uploads/2019/01/4.-BINOMIAL-THEOREM-THEORY.pdf",
  "Link3": "https://www.vedantu.com/jee-main/maths-binomial-theorem-and-its-simple-applications-revision-notes"
},
{
  "_id": {
    "$oid": "65ac026224031adf9d6da409"
  },
  "Days": 66,
  "Link1 ": "https://byjus.com/jee/binomial-theorem/",
  "Link2": "https://www.masterjeeclasses.com/wp-content/uploads/2019/01/4.-BINOMIAL-THEOREM-THEORY.pdf",
  "Link3": "https://www.vedantu.com/jee-main/maths-binomial-theorem-and-its-simple-applications-revision-notes"
},
{
  "_id": {
    "$oid": "65ac026224031adf9d6da40a"
  },
  "Days": 67,
  "Link1 ": "",
  "Link2": "",
  "Link3": ""
},
{
  "_id": {
    "$oid": "65ac026224031adf9d6da40b"
  },
  "Days": 68,
  "Link1 ": "https://www.vedantu.com/jee-main/physics-properties-of-solids-and-liquids-revision-notes",
  "Link2": "https://byjusexamprep.com/liveData/f/2018/12/Properties%20of%20Solids%20and%20Liquids-notes-iit-jee.pdf-47.pdf",
  "Link3": "https://unacademy.com/content/jee/study-material/physics/properties-of-solids-and-liquids/"
},
{
  "_id": {
    "$oid": "65ac026224031adf9d6da40c"
  },
  "Days": 69,
  "Link1 ": "https://www.vedantu.com/jee-main/physics-properties-of-solids-and-liquids-revision-notes",
  "Link2": "https://byjusexamprep.com/liveData/f/2018/12/Properties%20of%20Solids%20and%20Liquids-notes-iit-jee.pdf-47.pdf",
  "Link3": "https://unacademy.com/content/jee/study-material/physics/properties-of-solids-and-liquids/"
},
{
  "_id": {
    "$oid": "65ac026224031adf9d6da40d"
  },
  "Days": 70,
  "Link1 ": "https://byjus.com/jee/thermodynamics-for-iit-jee/",
  "Link2": "https://www.vedantu.com/jee-main/physics-thermodynamics-revision-notes",
  "Link3": "https://www.masterjeeclasses.com/wp-content/uploads/2018/12/4.THERMODYNAMICS-AND-THERMOCHEMISTRY-THEORY.pdf"
},
{
  "_id": {
    "$oid": "65ac026224031adf9d6da40e"
  },
  "Days": 71,
  "Link1 ": "https://byjus.com/jee/thermodynamics-for-iit-jee/",
  "Link2": "https://www.vedantu.com/jee-main/physics-thermodynamics-revision-notes",
  "Link3": "https://www.masterjeeclasses.com/wp-content/uploads/2018/12/4.THERMODYNAMICS-AND-THERMOCHEMISTRY-THEORY.pdf"
},
{
  "_id": {
    "$oid": "65ac026224031adf9d6da40f"
  },
  "Days": 72,
  "Link1 ": "https://byjus.com/jee/kinetic-theory-of-gases/",
  "Link2": "https://www.vedantu.com/jee-main/physics-kinetic-theory-of-gases",
  "Link3": "https://www.askiitians.com/revision-notes/physics/kinetic-theory-of-gases/"
},
{
  "_id": {
    "$oid": "65ac026224031adf9d6da410"
  },
  "Days": 73,
  "Link1 ": "https://byjus.com/jee/kinetic-theory-of-gases/",
  "Link2": "https://www.vedantu.com/jee-main/physics-kinetic-theory-of-gases",
  "Link3": "https://www.askiitians.com/revision-notes/physics/kinetic-theory-of-gases/"
},
{
  "_id": {
    "$oid": "65ac026224031adf9d6da411"
  },
  "Days": 74,
  "Link1 ": "",
  "Link2": "",
  "Link3": ""
},
{
  "_id": {
    "$oid": "65ac026224031adf9d6da412"
  },
  "Days": 75,
  "Link1 ": "https://byjus.com/jee/jee-main-equilibrium-previous-year-questions-with-solutions/",
  "Link2": "https://www.vedantu.com/jee-advanced/chemistry-chemical-equilibrium-revision-notes",
  "Link3": "https://www.askiitians.com/iit-jee-chemical-equilibrium/"
},
{
  "_id": {
    "$oid": "65ac026224031adf9d6da413"
  },
  "Days": 76,
  "Link1 ": "https://byjus.com/jee/jee-main-equilibrium-previous-year-questions-with-solutions/",
  "Link2": "https://www.vedantu.com/jee-advanced/chemistry-chemical-equilibrium-revision-notes",
  "Link3": "https://www.askiitians.com/iit-jee-chemical-equilibrium/"
},
{
  "_id": {
    "$oid": "65ac026224031adf9d6da414"
  },
  "Days": 77,
  "Link1 ": "https://byjus.com/jee/electrochemistry-jee-notes/",
  "Link2": "https://www.masterjeeclasses.com/wp-content/uploads/2019/02/1.ElectrochemistryTheory.pdf",
  "Link3": "https://www.vedantu.com/jee-advanced/chemistry-electrochemistry-revision-notes"
},
{
  "_id": {
    "$oid": "65ac026224031adf9d6da415"
  },
  "Days": 78,
  "Link1 ": "https://byjus.com/jee/electrochemistry-jee-notes/",
  "Link2": "https://www.masterjeeclasses.com/wp-content/uploads/2019/02/1.ElectrochemistryTheory.pdf",
  "Link3": "https://www.vedantu.com/jee-advanced/chemistry-electrochemistry-revision-notes"
},
{
  "_id": {
    "$oid": "65ac026224031adf9d6da416"
  },
  "Days": 79,
  "Link1 ": "https://byjus.com/jee/surface-chemistry/",
  "Link2": "https://www.vedantu.com/jee-main/chemistry-surface-chemistry-revision-notes",
  "Link3": "https://www.askiitians.com/iit-jee-chemistry/physical-chemistry/surface-chemistry/"
},
{
  "_id": {
    "$oid": "65ac026224031adf9d6da417"
  },
  "Days": 80,
  "Link1 ": "https://byjus.com/jee/surface-chemistry/",
  "Link2": "https://www.vedantu.com/jee-main/chemistry-surface-chemistry-revision-notes",
  "Link3": "https://www.askiitians.com/iit-jee-chemistry/physical-chemistry/surface-chemistry/"
},
{
  "_id": {
    "$oid": "65ac026224031adf9d6da418"
  },
  "Days": 81,
  "Link1 ": "https://byjus.com/jee/chemical-kinetics/",
  "Link2": "https://www.vedantu.com/jee-main/chemistry-chemical-kinetics-revision-notes",
  "Link3": "https://www.askiitians.com/revision-notes/chemistry/chemical-kinetics/"
},
{
  "_id": {
    "$oid": "65ac026224031adf9d6da419"
  },
  "Days": 82,
  "Link1 ": "https://byjus.com/jee/chemical-kinetics/",
  "Link2": "https://www.vedantu.com/jee-main/chemistry-chemical-kinetics-revision-notes",
  "Link3": "https://www.askiitians.com/revision-notes/chemistry/chemical-kinetics/"
},
{
  "_id": {
    "$oid": "65ac026224031adf9d6da41a"
  },
  "Days": 83,
  "Link1 ": "",
  "Link2": "",
  "Link3": ""
},
{
  "_id": {
    "$oid": "65ac026224031adf9d6da41b"
  },
  "Days": 84,
  "Link1 ": "",
  "Link2": "",
  "Link3": ""
},
{
  "_id": {
    "$oid": "65ac026224031adf9d6da41c"
  },
  "Days": 85,
  "Link1 ": "",
  "Link2": "",
  "Link3": ""
},
{
  "_id": {
    "$oid": "65ac026224031adf9d6da41d"
  },
  "Days": 86,
  "Link1 ": "",
  "Link2": "",
  "Link3": ""
},
{
  "_id": {
    "$oid": "65ac026224031adf9d6da41e"
  },
  "Days": 87,
  "Link1 ": "",
  "Link2": "",
  "Link3": ""
},
{
  "_id": {
    "$oid": "65ac026224031adf9d6da41f"
  },
  "Days": 88,
  "Link1 ": "",
  "Link2": "",
  "Link3": ""
},
{
  "_id": {
    "$oid": "65ac026224031adf9d6da420"
  },
  "Days": 89,
  "Link1 ": "",
  "Link2": "",
  "Link3": ""
},
{
  "_id": {
    "$oid": "65ac026224031adf9d6da421"
  },
  "Days": 90,
  "Link1 ": "",
  "Link2": "",
  "Link3": ""
},
{
  "_id": {
    "$oid": "65ac026224031adf9d6da422"
  },
  "Days": 91,
  "Link1 ": "https://byjus.com/jee/jee-main-maths-limits-continuity-and-differentiability-previous-year-questions-with-solutions/#:~:text=A%20limit%20is%20a%20number,Discontinuity%20are%20types%20of%20discontinuity.",
  "Link2": "https://www.askiitians.com/maths/limits-and-continuity.html",
  "Link3": "https://www.vedantu.com/jee-main/maths-limit-continuity-and-differentiability-limit-revision-notes"
},
{
  "_id": {
    "$oid": "65ac026224031adf9d6da423"
  },
  "Days": 92,
  "Link1 ": "https://byjus.com/jee/jee-main-maths-limits-continuity-and-differentiability-previous-year-questions-with-solutions/#:~:text=A%20limit%20is%20a%20number,Discontinuity%20are%20types%20of%20discontinuity.",
  "Link2": "https://www.askiitians.com/maths/limits-and-continuity.html",
  "Link3": "https://www.vedantu.com/jee-main/maths-limit-continuity-and-differentiability-limit-revision-notes"
},
{
  "_id": {
    "$oid": "65ac026224031adf9d6da424"
  },
  "Days": 93,
  "Link1 ": "https://byjus.com/jee/statistics-for-iit-jee/",
  "Link2": "https://www.askiitians.com/revision-notes-new/maths/statistics/",
  "Link3": "https://www.vedantu.com/jee-main/maths-statistics-and-probability-revision-notes"
},
{
  "_id": {
    "$oid": "65ac026224031adf9d6da425"
  },
  "Days": 94,
  "Link1 ": "https://byjus.com/jee/statistics-for-iit-jee/",
  "Link2": "https://www.askiitians.com/revision-notes-new/maths/statistics/",
  "Link3": "https://www.vedantu.com/jee-main/maths-statistics-and-probability-revision-notes"
},
{
  "_id": {
    "$oid": "65ac026224031adf9d6da426"
  },
  "Days": 95,
  "Link1 ": "https://www.askiitians.com/iit-jee-differential-calculus/limits-continuity-differentiability/differentiability.aspx",
  "Link2": "https://byjus.com/jee/jee-main-maths-limits-continuity-and-differentiability-previous-year-questions-with-solutions/",
  "Link3": "https://www.vedantu.com/jee-main/maths-limit-continuity-and-differentiability-limit-revision-notes"
},
{
  "_id": {
    "$oid": "65ac026224031adf9d6da427"
  },
  "Days": 96,
  "Link1 ": "https://www.askiitians.com/iit-jee-differential-calculus/limits-continuity-differentiability/differentiability.aspx",
  "Link2": "https://byjus.com/jee/jee-main-maths-limits-continuity-and-differentiability-previous-year-questions-with-solutions/",
  "Link3": "https://www.vedantu.com/jee-main/maths-limit-continuity-and-differentiability-limit-revision-notes"
},
{
  "_id": {
    "$oid": "65ac026224031adf9d6da428"
  },
  "Days": 97,
  "Link1 ": "",
  "Link2": "",
  "Link3": ""
},
{
  "_id": {
    "$oid": "65ac026224031adf9d6da429"
  },
  "Days": 98,
  "Link1 ": "https://www.vedantu.com/jee-main/physics-oscillations-and-waves-revision-notes",
  "Link2": "https://www.vedantu.com/jee-main/physics-oscillations-and-waves",
  "Link3": "https://unacademy.com/content/jee/study-material/physics/oscillations-and-waves/"
},
{
  "_id": {
    "$oid": "65ac026224031adf9d6da42a"
  },
  "Days": 99,
  "Link1 ": "https://www.vedantu.com/jee-main/physics-oscillations-and-waves-revision-notes",
  "Link2": "https://www.vedantu.com/jee-main/physics-oscillations-and-waves",
  "Link3": "https://unacademy.com/content/jee/study-material/physics/oscillations-and-waves/"
},
{
  "_id": {
    "$oid": "65ac026224031adf9d6da42b"
  },
  "Days": 100,
  "Link1 ": "https://byjus.com/jee/electrostatics-notes-for-iit-jee/",
  "Link2": "https://www.vedantu.com/jee-main/physics-electrostatics-revision-notes",
  "Link3": "https://www.pw.live/chapter-electrostatics-physics-12"
},
{
  "_id": {
    "$oid": "65ac026224031adf9d6da42c"
  },
  "Days": 101,
  "Link1 ": "https://byjus.com/jee/electrostatics-notes-for-iit-jee/",
  "Link2": "https://www.vedantu.com/jee-main/physics-electrostatics-revision-notes",
  "Link3": "https://www.pw.live/chapter-electrostatics-physics-12"
},
{
  "_id": {
    "$oid": "65ac026224031adf9d6da42d"
  },
  "Days": 102,
  "Link1 ": "https://www.askiitians.com/iit-jee-electric-current/#:~:text=The%20electric%20current%20is%20the,is%20one%20ampere%20of%20current.",
  "Link2": "https://byjus.com/jee/jee-main-current-electricity-previous-year-questions-with-solutions/",
  "Link3": "https://www.vedantu.com/jee-main/physics-current-electricity-revision-notes"
},
{
  "_id": {
    "$oid": "65ac026224031adf9d6da42e"
  },
  "Days": 103,
  "Link1 ": "https://www.askiitians.com/iit-jee-electric-current/#:~:text=The%20electric%20current%20is%20the,is%20one%20ampere%20of%20current.",
  "Link2": "https://byjus.com/jee/jee-main-current-electricity-previous-year-questions-with-solutions/",
  "Link3": "https://www.vedantu.com/jee-main/physics-current-electricity-revision-notes"
},
{
  "_id": {
    "$oid": "65ac026224031adf9d6da42f"
  },
  "Days": 104,
  "Link1 ": "",
  "Link2": "",
  "Link3": ""
},
{
  "_id": {
    "$oid": "65ac026224031adf9d6da430"
  },
  "Days": 105,
  "Link1 ": "https://byjus.com/jee/polymers/",
  "Link2": "https://www.esaral.com/chemistry-class-12-polymers-notes/",
  "Link3": "https://www.vedantu.com/jee-main/chemistry-polymers-revision-notes"
},
{
  "_id": {
    "$oid": "65ac026224031adf9d6da431"
  },
  "Days": 106,
  "Link1 ": "https://byjus.com/jee/polymers/",
  "Link2": "https://www.esaral.com/chemistry-class-12-polymers-notes/",
  "Link3": "https://www.vedantu.com/jee-main/chemistry-polymers-revision-notes"
},
{
  "_id": {
    "$oid": "65ac026224031adf9d6da432"
  },
  "Days": 107,
  "Link1 ": "https://unacademy.com/content/neet-ug/study-material/chemistry/principles-related-to-practical-chemistry/",
  "Link2": "https://www.vedantu.com/jee-main/chemistry-principles-related-to-practical-chemistry-revision-notes",
  "Link3": "https://www.vedantu.com/jee-main/chemistry-principles-related-to-practical-chemistry"
},
{
  "_id": {
    "$oid": "65ac026224031adf9d6da433"
  },
  "Days": 108,
  "Link1 ": "https://unacademy.com/content/neet-ug/study-material/chemistry/principles-related-to-practical-chemistry/",
  "Link2": "https://www.vedantu.com/jee-main/chemistry-principles-related-to-practical-chemistry-revision-notes",
  "Link3": "https://www.vedantu.com/jee-main/chemistry-principles-related-to-practical-chemistry"
},
{
  "_id": {
    "$oid": "65ac026224031adf9d6da434"
  },
  "Days": 109,
  "Link1 ": "https://unacademy.com/content/jee/study-material/chemistry/purification-and-characterisation-of-organic-compounds/#:~:text=Purification%20and%20characterisation%20of%20organic%20compounds%20are%20required%20once%20it,to%20be%20separated%20and%20purified.",
  "Link2": "https://www.vedantu.com/jee-main/chemistry-purification-and-characterisation-of-organic-compounds-revision-notes",
  "Link3": "https://www.vedantu.com/jee-main/chemistry-purification-and-characterisation-of-organic-compounds"
},
{
  "_id": {
    "$oid": "65ac026224031adf9d6da435"
  },
  "Days": 110,
  "Link1 ": "https://unacademy.com/content/jee/study-material/chemistry/purification-and-characterisation-of-organic-compounds/#:~:text=Purification%20and%20characterisation%20of%20organic%20compounds%20are%20required%20once%20it,to%20be%20separated%20and%20purified.",
  "Link2": "https://www.vedantu.com/jee-main/chemistry-purification-and-characterisation-of-organic-compounds-revision-notes",
  "Link3": "https://www.vedantu.com/jee-main/chemistry-purification-and-characterisation-of-organic-compounds"
},
{
  "_id": {
    "$oid": "65ac026224031adf9d6da436"
  },
  "Days": 111,
  "Link1 ": "https://www.vedantu.com/jee-main/chemistry-hydrocarbons-revision-notes",
  "Link2": "https://byjus.com/jee/hydrocarbons/",
  "Link3": "https://www.esaral.com/hydrocarbons-class-11-notes-for-iit-jee-neet/"
},
{
  "_id": {
    "$oid": "65ac026224031adf9d6da437"
  },
  "Days": 112,
  "Link1 ": "https://www.vedantu.com/jee-main/chemistry-hydrocarbons-revision-notes",
  "Link2": "https://byjus.com/jee/hydrocarbons/",
  "Link3": "https://www.esaral.com/hydrocarbons-class-11-notes-for-iit-jee-neet/"
},
{
  "_id": {
    "$oid": "65ac026224031adf9d6da438"
  },
  "Days": 113,
  "Link1 ": "",
  "Link2": "",
  "Link3": ""
},
{
  "_id": {
    "$oid": "65ac026224031adf9d6da439"
  },
  "Days": 114,
  "Link1 ": "",
  "Link2": "",
  "Link3": ""
},
{
  "_id": {
    "$oid": "65ac026224031adf9d6da43a"
  },
  "Days": 115,
  "Link1 ": "",
  "Link2": "",
  "Link3": ""
},
{
  "_id": {
    "$oid": "65ac026224031adf9d6da43b"
  },
  "Days": 116,
  "Link1 ": "",
  "Link2": "",
  "Link3": ""
},
{
  "_id": {
    "$oid": "65ac026224031adf9d6da43c"
  },
  "Days": 117,
  "Link1 ": "",
  "Link2": "",
  "Link3": ""
},
{
  "_id": {
    "$oid": "65ac026224031adf9d6da43d"
  },
  "Days": 118,
  "Link1 ": "",
  "Link2": "",
  "Link3": ""
},
{
  "_id": {
    "$oid": "65ac026224031adf9d6da43e"
  },
  "Days": 119,
  "Link1 ": "",
  "Link2": "",
  "Link3": ""
},
{
  "_id": {
    "$oid": "65ac026224031adf9d6da43f"
  },
  "Days": 120,
  "Link1 ": "",
  "Link2": "",
  "Link3": ""
},
{
  "_id": {
    "$oid": "65ac026224031adf9d6da440"
  },
  "Days": 121,
  "Link1 ": "https://byjus.com/jee/jee-main-maths-differential-equations-previous-year-questions-with-solutions/",
  "Link2": "https://www.vedantu.com/jee-main/maths-differential-equations-revision-notes",
  "Link3": "https://www.esaral.com/differential-equations-class-12-notes/"
},
{
  "_id": {
    "$oid": "65ac026224031adf9d6da441"
  },
  "Days": 122,
  "Link1 ": "https://byjus.com/jee/jee-main-maths-differential-equations-previous-year-questions-with-solutions/",
  "Link2": "https://www.vedantu.com/jee-main/maths-differential-equations-revision-notes",
  "Link3": "https://www.esaral.com/differential-equations-class-12-notes/"
},
{
  "_id": {
    "$oid": "65ac026224031adf9d6da442"
  },
  "Days": 123,
  "Link1 ": "https://www.vedantu.com/jee-main/maths-integral-calculus-revision-notes",
  "Link2": "https://byjus.com/jee/jee-main-maths-integral-calculus-previous-year-questions-with-solutions/",
  "Link3": "https://www.kaysonseducation.co.in/iitjee-maths-integral-calculus"
},
{
  "_id": {
    "$oid": "65ac026224031adf9d6da443"
  },
  "Days": 124,
  "Link1 ": "https://www.vedantu.com/jee-main/maths-integral-calculus-revision-notes",
  "Link2": "https://byjus.com/jee/jee-main-maths-integral-calculus-previous-year-questions-with-solutions/",
  "Link3": "https://www.kaysonseducation.co.in/iitjee-maths-integral-calculus"
},
{
  "_id": {
    "$oid": "65ac026224031adf9d6da444"
  },
  "Days": 125,
  "Link1 ": "https://byjus.com/jee/trigonometry/",
  "Link2": "https://byjus.com/jee/jee-main-maths-trigonometry-previous-year-questions-with-solutions/",
  "Link3": "https://www.vedantu.com/jee-main/maths-trigonometry-important-questions"
},
{
  "_id": {
    "$oid": "65ac026224031adf9d6da445"
  },
  "Days": 126,
  "Link1 ": "https://byjus.com/jee/trigonometry/",
  "Link2": "https://byjus.com/jee/jee-main-maths-trigonometry-previous-year-questions-with-solutions/",
  "Link3": "https://www.vedantu.com/jee-main/maths-trigonometry-important-questions"
},
{
  "_id": {
    "$oid": "65ac026224031adf9d6da446"
  },
  "Days": 127,
  "Link1 ": "",
  "Link2": "",
  "Link3": ""
},
{
  "_id": {
    "$oid": "65ac026224031adf9d6da447"
  },
  "Days": 128,
  "Link1 ": "https://www.vedantu.com/jee-main/physics-magnetic-effects-of-current-and-magnetism-revision-notes",
  "Link2": "https://unacademy.com/content/jee/study-material/physics/magnetic-effects-of-current-and-magnetism/",
  "Link3": "https://www.vedantu.com/jee-main/physics-magnetic-effects-of-current-and-magnetism"
},
{
  "_id": {
    "$oid": "65ac026224031adf9d6da448"
  },
  "Days": 129,
  "Link1 ": "https://www.vedantu.com/jee-main/physics-magnetic-effects-of-current-and-magnetism-revision-notes",
  "Link2": "https://unacademy.com/content/jee/study-material/physics/magnetic-effects-of-current-and-magnetism/",
  "Link3": "https://www.vedantu.com/jee-main/physics-magnetic-effects-of-current-and-magnetism"
},
{
  "_id": {
    "$oid": "65ac026224031adf9d6da449"
  },
  "Days": 130,
  "Link1 ": "https://www.vedantu.com/jee-main/physics-electromagnetic-induction-and-alternating-currents-important-questions",
  "Link2": "https://unacademy.com/content/jee/study-material/physics/electromagnetic-induction-and-alternating-currents/",
  "Link3": "https://byjus.com/jee/jee-main-electromagnetic-induction-previous-year-questions-with-solutions/"
},
{
  "_id": {
    "$oid": "65ac026224031adf9d6da44a"
  },
  "Days": 131,
  "Link1 ": "https://www.vedantu.com/jee-main/physics-electromagnetic-induction-and-alternating-currents-important-questions",
  "Link2": "https://unacademy.com/content/jee/study-material/physics/electromagnetic-induction-and-alternating-currents/",
  "Link3": "https://byjus.com/jee/jee-main-electromagnetic-induction-previous-year-questions-with-solutions/"
},
{
  "_id": {
    "$oid": "65ac026224031adf9d6da44b"
  },
  "Days": 132,
  "Link1 ": "https://www.vedantu.com/jee-main/physics-electromagnetic-waves-revision-notes",
  "Link2": "https://byjus.com/jee/electromagnetic-spectrum-and-electromagnetic-waves/",
  "Link3": "https://unacademy.com/content/jee/study-material/physics/electromagnetic-spectrum/"
},
{
  "_id": {
    "$oid": "65ac026224031adf9d6da44c"
  },
  "Days": 133,
  "Link1 ": "https://www.vedantu.com/jee-main/physics-electromagnetic-waves-revision-notes",
  "Link2": "https://byjus.com/jee/electromagnetic-spectrum-and-electromagnetic-waves/",
  "Link3": "https://unacademy.com/content/jee/study-material/physics/electromagnetic-spectrum/"
},
{
  "_id": {
    "$oid": "65ac026224031adf9d6da44d"
  },
  "Days": 134,
  "Link1 ": "https://www.vedantu.com/jee-main/physics-optics-revision-notes",
  "Link2": "https://byjus.com/jee/ray-optics/",
  "Link3": "https://www.esaral.com/ray-optics-and-optical-instruments-class-12/"
},
{
  "_id": {
    "$oid": "65ac026224031adf9d6da44e"
  },
  "Days": 135,
  "Link1 ": "https://www.vedantu.com/jee-main/physics-optics-revision-notes",
  "Link2": "https://byjus.com/jee/ray-optics/",
  "Link3": "https://www.esaral.com/ray-optics-and-optical-instruments-class-12/"
},
{
  "_id": {
    "$oid": "65ac026224031adf9d6da44f"
  },
  "Days": 136,
  "Link1 ": "",
  "Link2": "",
  "Link3": ""
},
{
  "_id": {
    "$oid": "65ac026224031adf9d6da450"
  },
  "Days": 137,
  "Link1 ": "https://byjus.com/jee/biomolecules-jee-notes-pdf/",
  "Link2": "https://www.vedantu.com/jee-main/chemistry-biomolecules-revision-notes",
  "Link3": "https://www.askiitians.com/revision-notes/chemistry/biomolecules/"
},
{
  "_id": {
    "$oid": "65ac026224031adf9d6da451"
  },
  "Days": 138,
  "Link1 ": "https://byjus.com/jee/biomolecules-jee-notes-pdf/",
  "Link2": "https://www.vedantu.com/jee-main/chemistry-biomolecules-revision-notes",
  "Link3": "https://www.askiitians.com/revision-notes/chemistry/biomolecules/"
},
{
  "_id": {
    "$oid": "65ac026224031adf9d6da452"
  },
  "Days": 139,
  "Link1 ": "https://www.vedantu.com/jee-main/chemistry-organic-compounds-containing-oxygen-revision-notes",
  "Link2": "https://unacademy.com/content/jee/study-material/chemistry/organic-compounds-containing-oxygen/",
  "Link3": "https://collegedunia.com/news/e-301-jee-main-study-notes-for-organic-compounds-containing-oxygen"
},
{
  "_id": {
    "$oid": "65ac026224031adf9d6da453"
  },
  "Days": 140,
  "Link1 ": "https://www.vedantu.com/jee-main/chemistry-organic-compounds-containing-oxygen-revision-notes",
  "Link2": "https://unacademy.com/content/jee/study-material/chemistry/organic-compounds-containing-oxygen/",
  "Link3": "https://collegedunia.com/news/e-301-jee-main-study-notes-for-organic-compounds-containing-oxygen"
},
{
  "_id": {
    "$oid": "65ac026224031adf9d6da454"
  },
  "Days": 141,
  "Link1 ": "https://byjus.com/jee/jee-main-chemistry-in-everyday-life-previous-year-questions-with-solutions/",
  "Link2": "https://www.vedantu.com/jee-main/chemistry-chemistry-in-everyday-life-important-questions",
  "Link3": "https://questions.examside.com/past-years/jee/jee-main/chemistry/chemistry-in-everyday-life"
},
{
  "_id": {
    "$oid": "65ac026224031adf9d6da455"
  },
  "Days": 142,
  "Link1 ": "https://byjus.com/jee/jee-main-chemistry-in-everyday-life-previous-year-questions-with-solutions/",
  "Link2": "https://www.vedantu.com/jee-main/chemistry-chemistry-in-everyday-life-important-questions",
  "Link3": "https://questions.examside.com/past-years/jee/jee-main/chemistry/chemistry-in-everyday-life"
},
{
  "_id": {
    "$oid": "65ac026224031adf9d6da456"
  },
  "Days": 143,
  "Link1 ": "https://www.vedantu.com/jee-main/chemistry-some-basic-principle-of-organic-chemistry-important-questions",
  "Link2": "https://www.topperlearning.com/jee/chemistry/some-basic-principles-of-organic-chemistry",
  "Link3": "https://byjus.com/jee/general-organic-chemistry-goc-for-jee/"
},
{
  "_id": {
    "$oid": "65ac026224031adf9d6da457"
  },
  "Days": 144,
  "Link1 ": "https://www.vedantu.com/jee-main/chemistry-some-basic-principle-of-organic-chemistry-important-questions",
  "Link2": "https://www.topperlearning.com/jee/chemistry/some-basic-principles-of-organic-chemistry",
  "Link3": "https://byjus.com/jee/general-organic-chemistry-goc-for-jee/"
},
{
  "_id": {
    "$oid": "65ac026224031adf9d6da458"
  },
  "Days": 145,
  "Link1 ": "",
  "Link2": "",
  "Link3": ""
},
{
  "_id": {
    "$oid": "65ac026224031adf9d6da459"
  },
  "Days": 146,
  "Link1 ": "",
  "Link2": "",
  "Link3": ""
},
{
  "_id": {
    "$oid": "65ac026224031adf9d6da45a"
  },
  "Days": 147,
  "Link1 ": "",
  "Link2": "",
  "Link3": ""
},
{
  "_id": {
    "$oid": "65ac026224031adf9d6da45b"
  },
  "Days": 148,
  "Link1 ": "",
  "Link2": "",
  "Link3": ""
},
{
  "_id": {
    "$oid": "65ac026224031adf9d6da45c"
  },
  "Days": 149,
  "Link1 ": "",
  "Link2": "",
  "Link3": ""
},
{
  "_id": {
    "$oid": "65ac026224031adf9d6da45d"
  },
  "Days": 150,
  "Link1 ": "",
  "Link2": "",
  "Link3": ""
},
{
  "_id": {
    "$oid": "65ac026224031adf9d6da45e"
  },
  "Days": 151,
  "Link1 ": "",
  "Link2": "",
  "Link3": ""
},
{
  "_id": {
    "$oid": "65ac026224031adf9d6da45f"
  },
  "Days": 152,
  "Link1 ": "",
  "Link2": "",
  "Link3": ""
},
{
  "_id": {
    "$oid": "65ac026224031adf9d6da460"
  },
  "Days": 153,
  "Link1 ": "",
  "Link2": "",
  "Link3": ""
},
{
  "_id": {
    "$oid": "65ac026224031adf9d6da461"
  },
  "Days": 154,
  "Link1 ": "https://www.vedantu.com/jee-main/maths-vector-algebra-revision-notes",
  "Link2": "https://byjus.com/jee/jee-main-maths-vector-algebra-previous-year-questions-with-solutions/",
  "Link3": "https://www.esaral.com/vector-algebra-class-12-notes/"
},
{
  "_id": {
    "$oid": "65ac026224031adf9d6da462"
  },
  "Days": 155,
  "Link1 ": "https://www.vedantu.com/jee-main/maths-vector-algebra-revision-notes",
  "Link2": "https://byjus.com/jee/jee-main-maths-vector-algebra-previous-year-questions-with-solutions/",
  "Link3": "https://www.esaral.com/vector-algebra-class-12-notes/"
},
{
  "_id": {
    "$oid": "65ac026224031adf9d6da463"
  },
  "Days": 156,
  "Link1 ": "https://www.vedantu.com/jee-main/maths-coordinate-geometry-revision-notes",
  "Link2": "https://unacademy.com/content/jee/study-material/mathematics/coordinate-geometry-formulas/",
  "Link3": "https://www.vedantu.com/jee-main/maths-coordinate-geometry"
},
{
  "_id": {
    "$oid": "65ac026224031adf9d6da464"
  },
  "Days": 157,
  "Link1 ": "https://www.vedantu.com/jee-main/maths-coordinate-geometry-revision-notes",
  "Link2": "https://unacademy.com/content/jee/study-material/mathematics/coordinate-geometry-formulas/",
  "Link3": "https://www.vedantu.com/jee-main/maths-coordinate-geometry"
},
{
  "_id": {
    "$oid": "65ac026224031adf9d6da465"
  },
  "Days": 158,
  "Link1 ": "https://byjus.com/jee/mathematical-reasoning-for-iit-jee/",
  "Link2": "https://www.askiitians.com/revision-notes-new/maths/mathematical-reasoning/",
  "Link3": "https://www.vedantu.com/jee-main/maths-mathematical-reasoning-revision-notes"
},
{
  "_id": {
    "$oid": "65ac026224031adf9d6da466"
  },
  "Days": 159,
  "Link1 ": "https://byjus.com/jee/mathematical-reasoning-for-iit-jee/",
  "Link2": "https://www.askiitians.com/revision-notes-new/maths/mathematical-reasoning/",
  "Link3": "https://www.vedantu.com/jee-main/maths-mathematical-reasoning-revision-notes"
},
{
  "_id": {
    "$oid": "65ac026224031adf9d6da467"
  },
  "Days": 160,
  "Link1 ": "",
  "Link2": "x",
  "Link3": ""
},
{
  "_id": {
    "$oid": "65ac026224031adf9d6da468"
  },
  "Days": 161,
  "Link1 ": "https://www.vedantu.com/jee-main/physics-dual-nature-of-matter-and-radiation-important-questions",
  "Link2": "https://www.vedantu.com/jee-main/physics-dual-nature-of-matter-and-radiation-revision-notes",
  "Link3": "https://byjusexamprep.com/liveData/f/2018/12/Dual%20Nature%20of%20matter%20and%20Radiation-notes-iit-jee.pdf-65.pdf"
},
{
  "_id": {
    "$oid": "65ac026224031adf9d6da469"
  },
  "Days": 162,
  "Link1 ": "https://www.vedantu.com/jee-main/physics-dual-nature-of-matter-and-radiation-important-questions",
  "Link2": "https://www.vedantu.com/jee-main/physics-dual-nature-of-matter-and-radiation-revision-notes",
  "Link3": "https://byjusexamprep.com/liveData/f/2018/12/Dual%20Nature%20of%20matter%20and%20Radiation-notes-iit-jee.pdf-65.pdf"
},
{
  "_id": {
    "$oid": "65ac026224031adf9d6da46a"
  },
  "Days": 163,
  "Link1 ": "https://unacademy.com/content/jee/study-material/physics/atoms-and-nuclei/#:~:text=The%20Structure%20of%20an%20Atom,-The%20structure%20of&text=The%20nucleus%20of%20the%20atom,Protons",
  "Link2": "https://www.vedantu.com/jee-main/physics-atoms-and-nuclei-revision-notes",
  "Link3": "https://byjusexamprep.com/liveData/f/2018/12/Atoms%20and%20Nuclei-notes-iit-jee.pdf-61.pdf"
},
{
  "_id": {
    "$oid": "65ac026224031adf9d6da46b"
  },
  "Days": 164,
  "Link1 ": "https://unacademy.com/content/jee/study-material/physics/atoms-and-nuclei/#:~:text=The%20Structure%20of%20an%20Atom,-The%20structure%20of&text=The%20nucleus%20of%20the%20atom,Protons",
  "Link2": "https://www.vedantu.com/jee-main/physics-atoms-and-nuclei-revision-notes",
  "Link3": "https://byjusexamprep.com/liveData/f/2018/12/Atoms%20and%20Nuclei-notes-iit-jee.pdf-61.pdf"
},
{
  "_id": {
    "$oid": "65ac026224031adf9d6da46c"
  },
  "Days": 165,
  "Link1 ": "https://unacademy.com/content/jee/study-material/physics/electronic-devices/",
  "Link2": "https://www.vedantu.com/jee-main/physics-electronic-devices-revision-notes",
  "Link3": "https://byjusexamprep.com/liveData/f/2019/1/Semiconductor%20Electronics-notes-iit-jee-pdf.pdf-38.pdf"
},
{
  "_id": {
    "$oid": "65ac026224031adf9d6da46d"
  },
  "Days": 166,
  "Link1 ": "https://unacademy.com/content/jee/study-material/physics/electronic-devices/",
  "Link2": "https://www.vedantu.com/jee-main/physics-electronic-devices-revision-notes",
  "Link3": "https://byjusexamprep.com/liveData/f/2019/1/Semiconductor%20Electronics-notes-iit-jee-pdf.pdf-38.pdf"
},
{
  "_id": {
    "$oid": "65ac026224031adf9d6da46e"
  },
  "Days": 167,
  "Link1 ": "",
  "Link2": "",
  "Link3": ""
},
{
  "_id": {
    "$oid": "65ac026224031adf9d6da46f"
  },
  "Days": 168,
  "Link1 ": "https://byjus.com/chemistry/classification-elements-periodicity-in-properties/#:~:text=known%20as%20Periodicity.-,Classification%20of%20elements%20in%20modern%20periodic%20table,elements%2C%20from%20Lithium%20to%20Neon.",
  "Link2": "https://www.vedantu.com/jee-main/chemistry-classifications-of-elements-and-periodicity-in-properties-revision-notes",
  "Link3": "https://www.esaral.com/classification-of-elements-and-periodicity-in-properties-class-11/"
},
{
  "_id": {
    "$oid": "65ac026224031adf9d6da470"
  },
  "Days": 169,
  "Link1 ": "https://byjus.com/chemistry/classification-elements-periodicity-in-properties/#:~:text=known%20as%20Periodicity.-,Classification%20of%20elements%20in%20modern%20periodic%20table,elements%2C%20from%20Lithium%20to%20Neon.",
  "Link2": "https://www.vedantu.com/jee-main/chemistry-classifications-of-elements-and-periodicity-in-properties-revision-notes",
  "Link3": "https://www.esaral.com/classification-of-elements-and-periodicity-in-properties-class-11/"
},
{
  "_id": {
    "$oid": "65ac026224031adf9d6da471"
  },
  "Days": 170,
  "Link1 ": "https://byjus.com/jee/jee-main-periodic-table-previous-year-questions-with-solutions/",
  "Link2": "https://www.vedantu.com/jee-main/chemistry-classification-of-elements-and-periodicity-in-properties-important-questions",
  "Link3": "https://byjus.com/chemistry/classification-elements-periodicity-in-properties/"
},
{
  "_id": {
    "$oid": "65ac026224031adf9d6da472"
  },
  "Days": 171,
  "Link1 ": "https://byjus.com/jee/jee-main-periodic-table-previous-year-questions-with-solutions/",
  "Link2": "https://www.vedantu.com/jee-main/chemistry-classification-of-elements-and-periodicity-in-properties-important-questions",
  "Link3": "https://byjus.com/chemistry/classification-elements-periodicity-in-properties/"
},
{
  "_id": {
    "$oid": "65ac026224031adf9d6da473"
  },
  "Days": 172,
  "Link1 ": "https://unacademy.com/content/jee/study-material/chemistry/alkali-metals/#:~:text=It%20contains%20a%20total%20of,water%2C%20they%20change%20into%20alkalies.",
  "Link2": "https://byjus.com/jee/alkali-metals/",
  "Link3": "https://www.askiitians.com/iit-jee-s-and-p-block-elements/alkali-metals/"
},
{
  "_id": {
    "$oid": "65ac026224031adf9d6da474"
  },
  "Days": 173,
  "Link1 ": "https://unacademy.com/content/jee/study-material/chemistry/alkali-metals/#:~:text=It%20contains%20a%20total%20of,water%2C%20they%20change%20into%20alkalies.",
  "Link2": "https://byjus.com/jee/alkali-metals/",
  "Link3": "https://www.askiitians.com/iit-jee-s-and-p-block-elements/alkali-metals/"
},
{
  "_id": {
    "$oid": "65ac026224031adf9d6da475"
  },
  "Days": 174,
  "Link1 ": "https://byjus.com/jee/group-13-elements/",
  "Link2": "https://www.askiitians.com/iit-jee-s-and-p-block-elements/group-18-elements/",
  "Link3": "https://www.vedantu.com/jee-main/chemistry-p-block-elements"
},
{
  "_id": {
    "$oid": "65ac026224031adf9d6da476"
  },
  "Days": 175,
  "Link1 ": "https://byjus.com/jee/group-13-elements/",
  "Link2": "https://www.askiitians.com/iit-jee-s-and-p-block-elements/group-18-elements/",
  "Link3": "https://www.vedantu.com/jee-main/chemistry-p-block-elements"
},
{
  "_id": {
    "$oid": "65ac026224031adf9d6da477"
  },
  "Days": 176,
  "Link1 ": "",
  "Link2": "",
  "Link3": ""
},
{
  "_id": {
    "$oid": "65ac026224031adf9d6da478"
  },
  "Days": 177,
  "Link1 ": "",
  "Link2": "",
  "Link3": ""
},
{
  "_id": {
    "$oid": "65ac026224031adf9d6da479"
  },
  "Days": 178,
  "Link1 ": "",
  "Link2": "",
  "Link3": ""
},
{
  "_id": {
    "$oid": "65ac026224031adf9d6da47a"
  },
  "Days": 179,
  "Link1 ": "",
  "Link2": "",
  "Link3": ""
},
{
  "_id": {
    "$oid": "65ac026224031adf9d6da47b"
  },
  "Days": 180,
  "Link1 ": "",
  "Link2": "",
  "Link3": ""
},
{
  "_id": {
    "$oid": "65ac026224031adf9d6da47c"
  },
  "Days": 181,
  "Link1 ": "",
  "Link2": "",
  "Link3": ""
},
{
  "_id": {
    "$oid": "65ac026224031adf9d6da47d"
  },
  "Days": 182,
  "Link1 ": "",
  "Link2": "",
  "Link3": ""
},
{
  "_id": {
    "$oid": "65ac026224031adf9d6da47e"
  },
  "Days": 183,
  "Link1 ": "",
  "Link2": "",
  "Link3": ""
},
{
  "_id": {
    "$oid": "65ac026224031adf9d6da47f"
  },
  "Days": 184,
  "Link1 ": "https://byjus.com/jee/3d-geometry/",
  "Link2": "https://www.vedantu.com/jee-main/maths-three-dimensional-geometry-revision-notes",
  "Link3": "https://www.esaral.com/3d-geometry-class-12-notes/"
},
{
  "_id": {
    "$oid": "65ac026224031adf9d6da480"
  },
  "Days": 185,
  "Link1 ": "https://byjus.com/jee/3d-geometry/",
  "Link2": "https://www.vedantu.com/jee-main/maths-three-dimensional-geometry-revision-notes",
  "Link3": "https://www.esaral.com/3d-geometry-class-12-notes/"
},
{
  "_id": {
    "$oid": "65ac026224031adf9d6da481"
  },
  "Days": 186,
  "Link1 ": "https://byjus.com/jee/probability-iit-jee-notes/",
  "Link2": "https://www.masterjeeclasses.com/wp-content/uploads/2019/01/4.ProbabilityTheory.pdf",
  "Link3": "https://www.askiitians.com/iit-jee-algebra/probability/"
},
{
  "_id": {
    "$oid": "65ac026224031adf9d6da482"
  },
  "Days": 187,
  "Link1 ": "https://byjus.com/jee/probability-iit-jee-notes/",
  "Link2": "https://www.masterjeeclasses.com/wp-content/uploads/2019/01/4.ProbabilityTheory.pdf",
  "Link3": "https://www.askiitians.com/iit-jee-algebra/probability/"
},
{
  "_id": {
    "$oid": "65ac026224031adf9d6da483"
  },
  "Days": 188,
  "Link1 ": "",
  "Link2": "",
  "Link3": ""
},
{
  "_id": {
    "$oid": "65ac026224031adf9d6da484"
  },
  "Days": 189,
  "Link1 ": "https://byjus.com/jee/alkaline-earth-metals/#:~:text=The%20alkaline%20earth%20metals%20are,their%20physical%20and%20chemical%20properties.",
  "Link2": "https://www.vedantu.com/jee-main/chemistry-alkaline-earth-metals",
  "Link3": "https://unacademy.com/content/jee/study-material/chemistry/overview-of-alkaline-earth-metals/"
},
{
  "_id": {
    "$oid": "65ac026224031adf9d6da485"
  },
  "Days": 190,
  "Link1 ": "https://byjus.com/jee/alkaline-earth-metals/#:~:text=The%20alkaline%20earth%20metals%20are,their%20physical%20and%20chemical%20properties.",
  "Link2": "https://www.vedantu.com/jee-main/chemistry-alkaline-earth-metals",
  "Link3": "https://unacademy.com/content/jee/study-material/chemistry/overview-of-alkaline-earth-metals/"
},
{
  "_id": {
    "$oid": "65ac026224031adf9d6da486"
  },
  "Days": 191,
  "Link1 ": "https://www.vedantu.com/jee-main/chemistry-coordination-compounds-revision-notes",
  "Link2": "https://byjus.com/jee/coordination-compounds/",
  "Link3": "https://www.askiitians.com/iit-jee-co-ordination-compounds/"
},
{
  "_id": {
    "$oid": "65ac026224031adf9d6da487"
  },
  "Days": 192,
  "Link1 ": "https://www.vedantu.com/jee-main/chemistry-coordination-compounds-revision-notes",
  "Link2": "https://byjus.com/jee/coordination-compounds/",
  "Link3": "https://www.askiitians.com/iit-jee-co-ordination-compounds/"
},
{
  "_id": {
    "$oid": "65ac026224031adf9d6da488"
  },
  "Days": 193,
  "Link1 ": "https://www.vedantu.com/jee-main/chemistry-general-principles-and-processes-of-isolation-of-metals-revision-notes",
  "Link2": "https://byjus.com/jee/metallurgy-notes-for-iit-jee-pdf/",
  "Link3": "https://www.vedantu.com/jee-main/chemistry-general-principles-and-processes-of-isolation-important-questions"
},
{
  "_id": {
    "$oid": "65ac026224031adf9d6da489"
  },
  "Days": 194,
  "Link1 ": "https://www.vedantu.com/jee-main/chemistry-general-principles-and-processes-of-isolation-of-metals-revision-notes",
  "Link2": "https://byjus.com/jee/metallurgy-notes-for-iit-jee-pdf/",
  "Link3": "https://www.vedantu.com/jee-main/chemistry-general-principles-and-processes-of-isolation-important-questions"
},
{
  "_id": {
    "$oid": "65ac026224031adf9d6da48a"
  },
  "Days": 195,
  "Link1 ": "https://byjus.com/jee/d-and-f-block-elements-iit-jee-notes-pdf/",
  "Link2": "https://www.vedantu.com/jee-main/chemistry-d-and-f-block-elements-revision-notes",
  "Link3": "https://www.masterjeeclasses.com/wp-content/uploads/2019/02/15.d-and-f-block-ElementsTheory.pdf"
},
{
  "_id": {
    "$oid": "65ac026224031adf9d6da48b"
  },
  "Days": 196,
  "Link1 ": "https://byjus.com/jee/d-and-f-block-elements-iit-jee-notes-pdf/",
  "Link2": "https://www.vedantu.com/jee-main/chemistry-d-and-f-block-elements-revision-notes",
  "Link3": "https://www.masterjeeclasses.com/wp-content/uploads/2019/02/15.d-and-f-block-ElementsTheory.pdf"
},
{
  "_id": {
    "$oid": "65ac026224031adf9d6da48c"
  },
  "Days": 197,
  "Link1 ": "https://www.vedantu.com/jee-main/chemistry-environmental-chemistry-revision-notes",
  "Link2": "https://www.askiitians.com/iit-jee-chemistry/organic-chemistry/environmental-chemistry/",
  "Link3": "https://byjus.com/jee/jee-main-environmental-chemistry-previous-year-questions-with-solutions/"
},
{
  "_id": {
    "$oid": "65ac026224031adf9d6da48d"
  },
  "Days": 198,
  "Link1 ": "https://www.vedantu.com/jee-main/chemistry-environmental-chemistry-revision-notes",
  "Link2": "https://www.askiitians.com/iit-jee-chemistry/organic-chemistry/environmental-chemistry/",
  "Link3": "https://byjus.com/jee/jee-main-environmental-chemistry-previous-year-questions-with-solutions/"
},
{
  "_id": {
    "$oid": "65ac026224031adf9d6da48e"
  },
  "Days": 199,
  "Link1 ": "",
  "Link2": "",
  "Link3": ""
},
{
  "_id": {
    "$oid": "65ac026224031adf9d6da48f"
  },
  "Days": 200,
  "Link1 ": "",
  "Link2": "",
  "Link3": ""
},
{
  "_id": {
    "$oid": "65ac026224031adf9d6da490"
  },
  "Days": 201,
  "Link1 ": "",
  "Link2": "",
  "Link3": ""
},
{
  "_id": {
    "$oid": "65ac026224031adf9d6da491"
  },
  "Days": 202,
  "Link1 ": "",
  "Link2": "",
  "Link3": ""
},
{
  "_id": {
    "$oid": "65ac026224031adf9d6da492"
  },
  "Days": 203,
  "Link1 ": "",
  "Link2": "",
  "Link3": ""
},
{
  "_id": {
    "$oid": "65ac026224031adf9d6da493"
  },
  "Days": 204,
  "Link1 ": "",
  "Link2": "",
  "Link3": ""
},
{
  "_id": {
    "$oid": "65ac026224031adf9d6da494"
  },
  "Days": 205,
  "Link1 ": "",
  "Link2": "",
  "Link3": ""
},
{
  "_id": {
    "$oid": "65ac026224031adf9d6da495"
  },
  "Days": 206,
  "Link1 ": "",
  "Link2": "",
  "Link3": ""
},
{
  "_id": {
    "$oid": "65ac026224031adf9d6da496"
  },
  "Days": 207,
  "Link1 ": "",
  "Link2": "",
  "Link3": ""
},
{
  "_id": {
    "$oid": "65ac026224031adf9d6da497"
  },
  "Days": 208,
  "Link1 ": "",
  "Link2": "",
  "Link3": ""
},
{
  "_id": {
    "$oid": "65ac026224031adf9d6da498"
  },
  "Days": 209,
  "Link1 ": "",
  "Link2": "",
  "Link3": ""
},
{
  "_id": {
    "$oid": "65ac026224031adf9d6da499"
  },
  "Days": 210,
  "Link1 ": "",
  "Link2": "",
  "Link3": ""
},
{
  "_id": {
    "$oid": "65ac026224031adf9d6da49a"
  },
  "Days": 211,
  "Link1 ": "",
  "Link2": "",
  "Link3": ""
},
{
  "_id": {
    "$oid": "65ac026224031adf9d6da49b"
  },
  "Days": 212,
  "Link1 ": "",
  "Link2": "",
  "Link3": ""
},
{
  "_id": {
    "$oid": "65ac026224031adf9d6da49c"
  },
  "Days": 213,
  "Link1 ": "",
  "Link2": "",
  "Link3": ""
},
{
  "_id": {
    "$oid": "65ac026224031adf9d6da49d"
  },
  "Days": 214,
  "Link1 ": "",
  "Link2": "",
  "Link3": ""
},
{
  "_id": {
    "$oid": "65ac026224031adf9d6da49e"
  },
  "Days": 215,
  "Link1 ": "",
  "Link2": "",
  "Link3": ""
},
{
  "_id": {
    "$oid": "65ac026224031adf9d6da49f"
  },
  "Days": 216,
  "Link1 ": "",
  "Link2": "",
  "Link3": ""
},
{
  "_id": {
    "$oid": "65ac026224031adf9d6da4a0"
  },
  "Days": 217,
  "Link1 ": "",
  "Link2": "",
  "Link3": ""
},
{
  "_id": {
    "$oid": "65ac026224031adf9d6da4a1"
  },
  "Days": 218,
  "Link1 ": "",
  "Link2": "",
  "Link3": ""
},
{
  "_id": {
    "$oid": "65ac026224031adf9d6da4a2"
  },
  "Days": 219,
  "Link1 ": "",
  "Link2": "",
  "Link3": ""
},
{
  "_id": {
    "$oid": "65ac026224031adf9d6da4a3"
  },
  "Days": 220,
  "Link1 ": "",
  "Link2": "",
  "Link3": ""
},
{
  "_id": {
    "$oid": "65ac026224031adf9d6da4a4"
  },
  "Days": 221,
  "Link1 ": "",
  "Link2": "",
  "Link3": ""
},
{
  "_id": {
    "$oid": "65ac026224031adf9d6da4a5"
  },
  "Days": 222,
  "Link1 ": "",
  "Link2": "",
  "Link3": ""
},
{
  "_id": {
    "$oid": "65ac026224031adf9d6da4a6"
  },
  "Days": 223,
  "Link1 ": "",
  "Link2": "",
  "Link3": ""
},
{
  "_id": {
    "$oid": "65ac026224031adf9d6da4a7"
  },
  "Days": 224,
  "Link1 ": "",
  "Link2": "",
  "Link3": ""
},
{
  "_id": {
    "$oid": "65ac026224031adf9d6da4a8"
  },
  "Days": 225,
  "Link1 ": "",
  "Link2": "",
  "Link3": ""
},
{
  "_id": {
    "$oid": "65ac026224031adf9d6da4a9"
  },
  "Days": 226,
  "Link1 ": "",
  "Link2": "",
  "Link3": ""
},
{
  "_id": {
    "$oid": "65ac026224031adf9d6da4aa"
  },
  "Days": 227,
  "Link1 ": "",
  "Link2": "",
  "Link3": ""
},
{
  "_id": {
    "$oid": "65ac026224031adf9d6da4ab"
  },
  "Days": 228,
  "Link1 ": "",
  "Link2": "",
  "Link3": ""
},
{
  "_id": {
    "$oid": "65ac026224031adf9d6da4ac"
  },
  "Days": 229,
  "Link1 ": "",
  "Link2": "",
  "Link3": ""
},
{
  "_id": {
    "$oid": "65ac026224031adf9d6da4ad"
  },
  "Days": 230,
  "Link1 ": "",
  "Link2": "",
  "Link3": ""
},
{
  "_id": {
    "$oid": "65ac026224031adf9d6da4ae"
  },
  "Days": 231,
  "Link1 ": "",
  "Link2": "",
  "Link3": ""
},
{
  "_id": {
    "$oid": "65ac026224031adf9d6da4af"
  },
  "Days": 232,
  "Link1 ": "",
  "Link2": "",
  "Link3": ""
},
{
  "_id": {
    "$oid": "65ac026224031adf9d6da4b0"
  },
  "Days": 233,
  "Link1 ": "",
  "Link2": "",
  "Link3": ""
},
{
  "_id": {
    "$oid": "65ac026224031adf9d6da4b1"
  },
  "Days": 234,
  "Link1 ": "",
  "Link2": "",
  "Link3": ""
},
{
  "_id": {
    "$oid": "65ac026224031adf9d6da4b2"
  },
  "Days": 235,
  "Link1 ": "",
  "Link2": "",
  "Link3": ""
},
{
  "_id": {
    "$oid": "65ac026224031adf9d6da4b3"
  },
  "Days": 236,
  "Link1 ": "",
  "Link2": "",
  "Link3": ""
},
{
  "_id": {
    "$oid": "65ac026224031adf9d6da4b4"
  },
  "Days": 237,
  "Link1 ": "",
  "Link2": "",
  "Link3": ""
},
{
  "_id": {
    "$oid": "65ac026224031adf9d6da4b5"
  },
  "Days": 238,
  "Link1 ": "",
  "Link2": "",
  "Link3": ""
},
{
  "_id": {
    "$oid": "65ac026224031adf9d6da4b6"
  },
  "Days": 239,
  "Link1 ": "",
  "Link2": "",
  "Link3": ""
},
{
  "_id": {
    "$oid": "65ac026224031adf9d6da4b7"
  },
  "Days": 240,
  "Link1 ": "",
  "Link2": "",
  "Link3": ""
},
{
  "_id": {
    "$oid": "65ac026224031adf9d6da4b8"
  },
  "Days": 241,
  "Link1 ": "",
  "Link2": "",
  "Link3": ""
},
{
  "_id": {
    "$oid": "65ac026224031adf9d6da4b9"
  },
  "Days": 242,
  "Link1 ": "",
  "Link2": "",
  "Link3": ""
},
{
  "_id": {
    "$oid": "65ac026224031adf9d6da4ba"
  },
  "Days": 243,
  "Link1 ": "",
  "Link2": "",
  "Link3": ""
},
{
  "_id": {
    "$oid": "65ac026224031adf9d6da4bb"
  },
  "Days": 244,
  "Link1 ": "",
  "Link2": "",
  "Link3": ""
},
{
  "_id": {
    "$oid": "65ac026224031adf9d6da4bc"
  },
  "Days": 245,
  "Link1 ": "",
  "Link2": "",
  "Link3": ""
},
{
  "_id": {
    "$oid": "65ac026224031adf9d6da4bd"
  },
  "Days": 246,
  "Link1 ": "",
  "Link2": "",
  "Link3": ""
},
{
  "_id": {
    "$oid": "65ac026224031adf9d6da4be"
  },
  "Days": 247,
  "Link1 ": "",
  "Link2": "",
  "Link3": ""
},
{
  "_id": {
    "$oid": "65ac026224031adf9d6da4bf"
  },
  "Days": 248,
  "Link1 ": "",
  "Link2": "",
  "Link3": ""
},
{
  "_id": {
    "$oid": "65ac026224031adf9d6da4c0"
  },
  "Days": 249,
  "Link1 ": "",
  "Link2": "",
  "Link3": ""
},
{
  "_id": {
    "$oid": "65ac026224031adf9d6da4c1"
  },
  "Days": 250,
  "Link1 ": "",
  "Link2": "",
  "Link3": ""
},
{
  "_id": {
    "$oid": "65ac026224031adf9d6da4c2"
  },
  "Days": 251,
  "Link1 ": "",
  "Link2": "",
  "Link3": ""
},
{
  "_id": {
    "$oid": "65ac026224031adf9d6da4c3"
  },
  "Days": 252,
  "Link1 ": "",
  "Link2": "",
  "Link3": ""
},
{
  "_id": {
    "$oid": "65ac026224031adf9d6da4c4"
  },
  "Days": 253,
  "Link1 ": "",
  "Link2": "",
  "Link3": ""
},
{
  "_id": {
    "$oid": "65ac026224031adf9d6da4c5"
  },
  "Days": 254,
  "Link1 ": "",
  "Link2": "",
  "Link3": ""
},
{
  "_id": {
    "$oid": "65ac026224031adf9d6da4c6"
  },
  "Days": 255,
  "Link1 ": "",
  "Link2": "",
  "Link3": ""
},
{
  "_id": {
    "$oid": "65ac026224031adf9d6da4c7"
  },
  "Days": 256,
  "Link1 ": "",
  "Link2": "",
  "Link3": ""
},
{
  "_id": {
    "$oid": "65ac026224031adf9d6da4c8"
  },
  "Days": 257,
  "Link1 ": "",
  "Link2": "",
  "Link3": ""
},
{
  "_id": {
    "$oid": "65ac026224031adf9d6da4c9"
  },
  "Days": 258,
  "Link1 ": "",
  "Link2": "",
  "Link3": ""
},
{
  "_id": {
    "$oid": "65ac026224031adf9d6da4ca"
  },
  "Days": 259,
  "Link1 ": "",
  "Link2": "",
  "Link3": ""
},
{
  "_id": {
    "$oid": "65ac026224031adf9d6da4cb"
  },
  "Days": 260,
  "Link1 ": "",
  "Link2": "",
  "Link3": ""
},
{
  "_id": {
    "$oid": "65ac026224031adf9d6da4cc"
  },
  "Days": 261,
  "Link1 ": "",
  "Link2": "",
  "Link3": ""
},
{
  "_id": {
    "$oid": "65ac026224031adf9d6da4cd"
  },
  "Days": 262,
  "Link1 ": "",
  "Link2": "",
  "Link3": ""
},
{
  "_id": {
    "$oid": "65ac026224031adf9d6da4ce"
  },
  "Days": 263,
  "Link1 ": "",
  "Link2": "",
  "Link3": ""
},
{
  "_id": {
    "$oid": "65ac026224031adf9d6da4cf"
  },
  "Days": 264,
  "Link1 ": "",
  "Link2": "",
  "Link3": ""
},
{
  "_id": {
    "$oid": "65ac026224031adf9d6da4d0"
  },
  "Days": 265,
  "Link1 ": "",
  "Link2": "",
  "Link3": ""
},
{
  "_id": {
    "$oid": "65ac026224031adf9d6da4d1"
  },
  "Days": 266,
  "Link1 ": "",
  "Link2": "",
  "Link3": ""
},
{
  "_id": {
    "$oid": "65ac026224031adf9d6da4d2"
  },
  "Days": 267,
  "Link1 ": "",
  "Link2": "",
  "Link3": ""
},
{
  "_id": {
    "$oid": "65ac026224031adf9d6da4d3"
  },
  "Days": 268,
  "Link1 ": "",
  "Link2": "",
  "Link3": ""
},
{
  "_id": {
    "$oid": "65ac026224031adf9d6da4d4"
  },
  "Days": 269,
  "Link1 ": "",
  "Link2": "",
  "Link3": ""
},
{
  "_id": {
    "$oid": "65ac026224031adf9d6da4d5"
  },
  "Days": 270,
  "Link1 ": "",
  "Link2": "",
  "Link3": ""
},
{
  "_id": {
    "$oid": "65ac026224031adf9d6da4d6"
  },
  "Days": 271,
  "Link1 ": "",
  "Link2": "",
  "Link3": ""
},
{
  "_id": {
    "$oid": "65ac026224031adf9d6da4d7"
  },
  "Days": 272,
  "Link1 ": "",
  "Link2": "",
  "Link3": ""
},
{
  "_id": {
    "$oid": "65ac026224031adf9d6da4d8"
  },
  "Days": 273,
  "Link1 ": "",
  "Link2": "",
  "Link3": ""
},
{
  "_id": {
    "$oid": "65ac026224031adf9d6da4d9"
  },
  "Days": 274,
  "Link1 ": "",
  "Link2": "",
  "Link3": ""
},
{
  "_id": {
    "$oid": "65ac026224031adf9d6da4da"
  },
  "Days": 275,
  "Link1 ": "",
  "Link2": "",
  "Link3": ""
},
{
  "_id": {
    "$oid": "65ac026224031adf9d6da4db"
  },
  "Days": 276,
  "Link1 ": "",
  "Link2": "",
  "Link3": ""
},
{
  "_id": {
    "$oid": "65ac026224031adf9d6da4dc"
  },
  "Days": 277,
  "Link1 ": "",
  "Link2": "",
  "Link3": ""
},
{
  "_id": {
    "$oid": "65ac026224031adf9d6da4dd"
  },
  "Days": 278,
  "Link1 ": "",
  "Link2": "",
  "Link3": ""
},
{
  "_id": {
    "$oid": "65ac026224031adf9d6da4de"
  },
  "Days": 279,
  "Link1 ": "",
  "Link2": "",
  "Link3": ""
},
{
  "_id": {
    "$oid": "65ac026224031adf9d6da4df"
  },
  "Days": 280,
  "Link1 ": "",
  "Link2": "",
  "Link3": ""
},
{
  "_id": {
    "$oid": "65ac026224031adf9d6da4e0"
  },
  "Days": 281,
  "Link1 ": "",
  "Link2": "",
  "Link3": ""
},
{
  "_id": {
    "$oid": "65ac026224031adf9d6da4e1"
  },
  "Days": 282,
  "Link1 ": "",
  "Link2": "",
  "Link3": ""
},
{
  "_id": {
    "$oid": "65ac026224031adf9d6da4e2"
  },
  "Days": 283,
  "Link1 ": "",
  "Link2": "",
  "Link3": ""
},
{
  "_id": {
    "$oid": "65ac026224031adf9d6da4e3"
  },
  "Days": 284,
  "Link1 ": "",
  "Link2": "",
  "Link3": ""
},
{
  "_id": {
    "$oid": "65ac026224031adf9d6da4e4"
  },
  "Days": 285,
  "Link1 ": "",
  "Link2": "",
  "Link3": ""
},
{
  "_id": {
    "$oid": "65ac026224031adf9d6da4e5"
  },
  "Days": 286,
  "Link1 ": "",
  "Link2": "",
  "Link3": ""
},
{
  "_id": {
    "$oid": "65ac026224031adf9d6da4e6"
  },
  "Days": 287,
  "Link1 ": "",
  "Link2": "",
  "Link3": ""
},
{
  "_id": {
    "$oid": "65ac026224031adf9d6da4e7"
  },
  "Days": 288,
  "Link1 ": "",
  "Link2": "",
  "Link3": ""
},
{
  "_id": {
    "$oid": "65ac026224031adf9d6da4e8"
  },
  "Days": 289,
  "Link1 ": "",
  "Link2": "",
  "Link3": ""
},
{
  "_id": {
    "$oid": "65ac026224031adf9d6da4e9"
  },
  "Days": 290,
  "Link1 ": "",
  "Link2": "",
  "Link3": ""
},
{
  "_id": {
    "$oid": "65ac026224031adf9d6da4ea"
  },
  "Days": 291,
  "Link1 ": "",
  "Link2": "",
  "Link3": ""
},
{
  "_id": {
    "$oid": "65ac026224031adf9d6da4eb"
  },
  "Days": 292,
  "Link1 ": "",
  "Link2": "",
  "Link3": ""
},
{
  "_id": {
    "$oid": "65ac026224031adf9d6da4ec"
  },
  "Days": 293,
  "Link1 ": "",
  "Link2": "",
  "Link3": ""
},
{
  "_id": {
    "$oid": "65ac026224031adf9d6da4ed"
  },
  "Days": 294,
  "Link1 ": "",
  "Link2": "",
  "Link3": ""
},
{
  "_id": {
    "$oid": "65ac026224031adf9d6da4ee"
  },
  "Days": 295,
  "Link1 ": "",
  "Link2": "",
  "Link3": ""
},
{
  "_id": {
    "$oid": "65ac026224031adf9d6da4ef"
  },
  "Days": 296,
  "Link1 ": "",
  "Link2": "",
  "Link3": ""
},
{
  "_id": {
    "$oid": "65ac026224031adf9d6da4f0"
  },
  "Days": 297,
  "Link1 ": "",
  "Link2": "",
  "Link3": ""
},
{
  "_id": {
    "$oid": "65ac026224031adf9d6da4f1"
  },
  "Days": 298,
  "Link1 ": "",
  "Link2": "",
  "Link3": ""
},
{
  "_id": {
    "$oid": "65ac026224031adf9d6da4f2"
  },
  "Days": 299,
  "Link1 ": "",
  "Link2": "",
  "Link3": ""
},
{
  "_id": {
    "$oid": "65ac026224031adf9d6da4f3"
  },
  "Days": 300,
  "Link1 ": "",
  "Link2": "",
  "Link3": ""
}]