[{
  "_id": {
    "$oid": "65c5f3073dcb9c94fa00d102"
  },
  "Day": 29,
  "Question 1": "Let A = {x | x^3 - 3x^2 - x + 3 = 0} and B = {p | p^2 - 4p + 3 = 0}. Find the cardinality of A ∩ B.",
  "a": 0,
  "b": 1,
  "c": 2,
  "d": 3,
  "ans": 1,
  "no": 1
},
{
  "_id": {
    "$oid": "65c5f3073dcb9c94fa00d103"
  },
  "Day": 29,
  "Question 1": "Define a relation R on the set {1, 2, 3} as R = {(a, b) | a ≤ b}. Is R reflexive, symmetric, and transitive?",
  "a": "Reflexive, symmetric, and transitive",
  "b": "Reflexive and symmetric only",
  "c": "Symmetric and transitive only",
  "d": "Reflexive and transitive only",
  "ans": "Reflexive and transitive only",
  "no": 2
},
{
  "_id": {
    "$oid": "65c5f3073dcb9c94fa00d104"
  },
  "Day": 29,
  "Question 1": "Let A be a 3x3 matrix with the property that the sum of elements in each row and column is equal to 1. If |A| = k, what is the value of k?",
  "a": 12,
  "b": 8,
  "c": 4,
  "d": 16,
  "ans": 8,
  "no": 3
},
{
  "_id": {
    "$oid": "65c5f3073dcb9c94fa00d105"
  },
  "Day": 29,
  "Question 1": "The number of significant figures in the number 0.0028 is,",
  "a": 2,
  "b": 3,
  "c": 4,
  "d": 5,
  "ans": 2,
  "no": 4
},
{
  "_id": {
    "$oid": "65c5f3073dcb9c94fa00d106"
  },
  "Day": 29,
  "Question 1": " When a particle moves with a uniform velocity along a circular path, then the particle has",
  "a": "tangential acceleration only",
  "b": "centripetal acceleration only",
  "c": "both tangential and centripetal acceleration",
  "d": "none of the mentioned",
  "ans": "centripetal acceleration only",
  "no": 5
},
{
  "_id": {
    "$oid": "65c5f3073dcb9c94fa00d107"
  },
  "Day": 29,
  "Question 1": "The mass of a body is equivalent to the ratio of the force acting on it to the acceleration it generates.",
  "a": "the gravitational mass",
  "b": "the mass of the electromagnetic field",
  "c": "the mass of the internal organs",
  "d": "the mass of inertia",
  "ans": "the mass of inertia",
  "no": 6
},
{
  "_id": {
    "$oid": "65c5f3073dcb9c94fa00d108"
  },
  "Day": 29,
  "Question 1": "10 dm3 of N2 gas, 10 dm3 of gas ‘X’ at a Similar Temperature have the Same Molecule Number. Thus, the Gas X is_______?",
  "a": "CO",
  "b": "H2",
  "c": "CO2",
  "d": "NO",
  "ans": "CO",
  "no": 7
},
{
  "_id": {
    "$oid": "65c5f3073dcb9c94fa00d109"
  },
  "Day": 29,
  "Question 1": "At 25 degrees celsius and 730 mm pressure, 380 ml of dry oxygen was collected. If the temperature is constant, what volume will oxygen occupy at 760 mm pressure?",
  "a": "365 ml",
  "b": "449 ml",
  "c": "569 ml",
  "d": "621 ml",
  "ans": "365 ml",
  "no": 8
},
{
  "_id": {
    "$oid": "65c5f3073dcb9c94fa00d10a"
  },
  "Day": 29,
  "Question 1": "In which of the following pairs, the two molecules have identical bond orders:",
  "a": "N2 , O22+",
  "b": "N2 , O2–",
  "c": "N2– , O2",
  "d": "O22- , N2",
  "ans": "N2 , O22+",
  "no": 9
},
{
  "_id": {
    "$oid": "65c5f3073dcb9c94fa00d10b"
  },
  "Day": 59,
  "Question 1": "The altitude of a right triangle is 7 cm less than its base. If the hypotenuse is 13 cm, the other two sides of the triangle are equal to:",
  "a": "Base=10cm and Altitude=5cm",
  "b": "Base=12cm and Altitude=5cm",
  "c": "Base=14cm and Altitude=10cm",
  "d": "Base=12cm and Altitude=10cm",
  "ans": "Base=12cm and Altitude=5cm",
  "no": 1
},
{
  "_id": {
    "$oid": "65c5f3073dcb9c94fa00d10c"
  },
  "Day": 59,
  "Question 1": "In a matrix with 9 elements, then the possible ordered pairs are (3, 3), (1, 9), (9, 1).",
  "a": false,
  "b": true,
  "c": "None of the above",
  "d": "All of the above",
  "ans": true,
  "no": 2
},
{
  "_id": {
    "$oid": "65c5f3073dcb9c94fa00d10d"
  },
  "Day": 59,
  "Question 1": "The number of ways 4 boys and 3 girls can be seated in a row so that they are alternate is",
  "a": 12,
  "b": 104,
  "c": 144,
  "d": 256,
  "ans": 144,
  "no": 3
},
{
  "_id": {
    "$oid": "65c5f3073dcb9c94fa00d10e"
  },
  "Day": 59,
  "Question 1": "Find the potential energy stored in a ball of mass 5 kg placed at a height of 3 m above the ground.",
  "a": "121.20 J",
  "b": "147.15 J",
  "c": "227.31 J",
  "d": "182.21 J",
  "ans": "147.15 J",
  "no": 4
},
{
  "_id": {
    "$oid": "65c5f3073dcb9c94fa00d10f"
  },
  "Day": 59,
  "Question 1": "The combination of rotational motion and the translational motion of a rigid body is known as",
  "a": "Frictional motion",
  "b": "Axis motion",
  "c": "Angular motion",
  "d": "Rolling motion",
  "ans": "Rolling motion",
  "no": 5
},
{
  "_id": {
    "$oid": "65c5f3073dcb9c94fa00d110"
  },
  "Day": 59,
  "Question 1": "Which of the following statements is true of the value of acceleration due to gravity?",
  "a": "The value is the same on the equator and poles",
  "b": "The value is least on poles",
  "c": "The value is almost negligible on the equator",
  "d": "The value increases from pole to equator",
  "ans": "The value is almost negligible on the equator",
  "no": 6
},
{
  "_id": {
    "$oid": "65c5f3073dcb9c94fa00d111"
  },
  "Day": 59,
  "Question 1": "Ionic bonds will be formed more easily between elements with comparatively:",
  "a": "low ionization enthalpy and high electron affinity",
  "b": "high ionization enthalpy and high electron affinity",
  "c": "low ionization enthalpy and low electron affinity",
  "d": "high ionization enthalpy and low electron affinity",
  "ans": "low ionization enthalpy and high electron affinity",
  "no": 7
},
{
  "_id": {
    "$oid": "65c5f3073dcb9c94fa00d112"
  },
  "Day": 59,
  "Question 1": "Consider the following reaction:\\n\\nZn + Cu2+ → Zn2+ + Cu\\n\\nWith reference to the above, which one of the following is the correct statement?",
  "a": "Zn is reduced to Zn2+ ions.",
  "b": "Zn is oxidised to Zn2+ ions.",
  "c": "Zn2+ ions are oxidised to Zn.",
  "d": "Cu2+ ions are oxidized to Cu.",
  "ans": "Zn is oxidised to Zn2+ ions.",
  "no": 8
},
{
  "_id": {
    "$oid": "65c5f3073dcb9c94fa00d113"
  },
  "Day": 59,
  "Question 1": "In an adiabatic process the work done is 50 KJ, what is its internal energy?",
  "a": "50 KJ",
  "b": "25 KJ",
  "c": "-50 KJ",
  "d": " -25 KJ",
  "ans": "-50 KJ",
  "no": 9
},
{
  "_id": {
    "$oid": "65c5f3073dcb9c94fa00d114"
  },
  "Day": 89,
  "Question 1": "n2 + 3n is always divisible by which number, provided n is an integer?",
  "a": 2,
  "b": 3,
  "c": 4,
  "d": 5,
  "ans": 2,
  "no": 1
},
{
  "_id": {
    "$oid": "65c5f3073dcb9c94fa00d115"
  },
  "Day": 89,
  "Question 1": "Which of the following relation gives Fibonacci sequence?",
  "a": "an = an-1 + an-2",
  "b": "an-1 = an + an-2",
  "c": "an-2 = an + an-1",
  "d": "an = an+1 + an-2",
  "ans": "an = an-1 + an-2",
  "no": 2
},
{
  "_id": {
    "$oid": "65c5f3073dcb9c94fa00d116"
  },
  "Day": 89,
  "Question 1": " What is the middle term of (4 + 2x)6?",
  "a": "11240 x2",
  "b": "10240 x3",
  "c": "12240 x4",
  "d": "10340 x4",
  "ans": "10240 x3",
  "no": 3
},
{
  "_id": {
    "$oid": "65c5f3073dcb9c94fa00d117"
  },
  "Day": 89,
  "Question 1": "At 100°C, a sealed rigid vessel with a volume of 1 m3 and 2 kg of water has a volume of 1 m3. The vessel has now been warmed up. What pressure should a safety pressure valve be adjusted to achieve a maximum temperature of 200°C if one is installed?",
  "a": "431.3 kPa",
  "b": " 231.3 kPa",
  "c": " 831.3 kPa",
  "d": "131.3 kPa",
  "ans": "431.3 kPa",
  "no": 4
},
{
  "_id": {
    "$oid": "65c5f3073dcb9c94fa00d118"
  },
  "Day": 89,
  "Question 1": "A bulb contains one mole of hydrogen mixed with one mole of oxygen at temperature T. The ratio of rms values of velocity of hydrogen molecules to that of oxygen molecules is?",
  "a": "1:16",
  "b": "1:04",
  "c": "4:01",
  "d": "16:01",
  "ans": "4:01",
  "no": 5
},
{
  "_id": {
    "$oid": "65c5f3073dcb9c94fa00d119"
  },
  "Day": 89,
  "Question 1": "Which of the following pairs constitutes a buffer ?",
  "a": "NaOH and HCl",
  "b": "HNO3 and NH4NO3",
  "c": "HCl and KCl",
  "d": "HNO2 and NaNO2",
  "ans": "HNO2 and NaNO2",
  "no": 6
},
{
  "_id": {
    "$oid": "65c5f3073dcb9c94fa00d11a"
  },
  "Day": 89,
  "Question 1": "",
  "a": "",
  "b": "",
  "c": "",
  "d": "",
  "ans": "",
  "no": 7
},
{
  "_id": {
    "$oid": "65c5f3073dcb9c94fa00d11b"
  },
  "Day": 89,
  "Question 1": "When equilibrium is reached inside the two half-cells of the electrochemical cells, what is the net voltage across the electrodes?",
  "a": "> 1",
  "b": "< 1",
  "c": 0,
  "d": "Not defined",
  "ans": 0,
  "no": 8
},
{
  "_id": {
    "$oid": "65c5f3073dcb9c94fa00d11c"
  },
  "Day": 89,
  "Question 1": "What effect does temperature have on the half-life of a first-order reaction?",
  "a": "It increases",
  "b": "It decreases",
  "c": "It remains the same",
  "d": "Both increases as well as decrease",
  "ans": "It decreases",
  "no": 9
},
{
  "_id": {
    "$oid": "65c5f3073dcb9c94fa00d11d"
  },
  "Day": 119,
  "Question 1": "What is the value of limy→4 f(y)? It is given that f(y) = y2 + 6y (y ≥ 2) and f(y) = 0 (y < 2).",
  "a": 40,
  "b": 16,
  "c": 0,
  "d": 30,
  "ans": 40,
  "no": 1
},
{
  "_id": {
    "$oid": "65c5f3073dcb9c94fa00d11e"
  },
  "Day": 119,
  "Question 1": "Find the mode of the call received on 7 consecutive day 11,13,13,17,19,23,25",
  "a": 11,
  "b": 13,
  "c": 17,
  "d": 23,
  "ans": 13,
  "no": 2
},
{
  "_id": {
    "$oid": "65c5f3073dcb9c94fa00d11f"
  },
  "Day": 119,
  "Question 1": "F= -kx is the force on a particle of mass ‘m’ undergoing SHM. What is the relationship between x and in terms of angular frequency?",
  "a": "k = ω2 ω",
  "b": " k = m√ω ",
  "c": " m = k/ω2 ",
  "d": "m = k2/ω ",
  "ans": " m = k/ω2 ",
  "no": 3
},
{
  "_id": {
    "$oid": "65c5f3073dcb9c94fa00d120"
  },
  "Day": 119,
  "Question 1": "Name the law that states the force between electric charges",
  "a": "Ohm’s law",
  "b": " Coulomb’s law",
  "c": "Faraday’s law",
  "d": "Ampere’s law",
  "ans": " Coulomb’s law",
  "no": 4
},
{
  "_id": {
    "$oid": "65c5f3073dcb9c94fa00d121"
  },
  "Day": 119,
  "Question 1": "The rate of flow of electric charge through any cross-section of a conductor is known as",
  "a": "Electric flux",
  "b": "Electric potential",
  "c": "Electric current",
  "d": "Electric field",
  "ans": "Electric current",
  "no": 5
},
{
  "_id": {
    "$oid": "65c5f3073dcb9c94fa00d122"
  },
  "Day": 119,
  "Question 1": "Which of the following does not undergo additional polymerization?",
  "a": "vinyl chloride",
  "b": "butadiene",
  "c": "styrene",
  "d": "all of the above undergoes addition polymerizations",
  "ans": "all of the above undergoes addition polymerizations",
  "no": 6
},
{
  "_id": {
    "$oid": "65c5f3073dcb9c94fa00d123"
  },
  "Day": 119,
  "Question 1": "Choose the process by which liquid hydrocarbons can be converted to gaseous hydrocarbons",
  "a": "hydrolysis",
  "b": "oxidation",
  "c": "cracking",
  "d": "distillation under reduced pressure",
  "ans": "cracking",
  "no": 7
},
{
  "_id": {
    "$oid": "65c5f3073dcb9c94fa00d124"
  },
  "Day": 119,
  "Question 1": "If x =t2, y=t3, then d2y/dx2 =",
  "a": "2-Mar",
  "b": "3/4t",
  "c": "3/2t",
  "d": "3t/2",
  "ans": "3/4t",
  "no": 8
},
{
  "_id": {
    "$oid": "65c5f3073dcb9c94fa00d125"
  },
  "Day": 119,
  "Question 1": "The value of c in Rolle’s theorem for the function, f(x) = sin 2x in [0, π/2] is",
  "a": "π/4",
  "b": "π/6",
  "c": "π/6",
  "d": "π/3",
  "ans": "π/4",
  "no": 9
},
{
  "_id": {
    "$oid": "65c5f3073dcb9c94fa00d126"
  },
  "Day": 152,
  "Question 1": "The volume of the region R defined by inequalities 0≤z≤1, 0≤y+z≤2,0≤x+y+z≤3 is given by ______",
  "a": 4,
  "b": 6,
  "c": 8,
  "d": 1,
  "ans": 6,
  "no": 1
},
{
  "_id": {
    "$oid": "65c5f3073dcb9c94fa00d127"
  },
  "Day": 152,
  "Question 1": "In ∆ ABC, right-angled at B, AB = 24 cm, BC = 7 cm. The value of tan C is:",
  "a": "7-Dec",
  "b": "24/7",
  "c": "20/7",
  "d": "24-Jul",
  "ans": "24/7",
  "no": 2
},
{
  "_id": {
    "$oid": "65c5f3073dcb9c94fa00d128"
  },
  "Day": 152,
  "Question 1": "When a current-carrying conductor is placed in a magnetic field, what is the force experienced by the conductor?",
  "a": "Electric force",
  "b": "Gravitational force",
  "c": "Magnetic force",
  "d": "None of the above",
  "ans": "Magnetic force",
  "no": 3
},
{
  "_id": {
    "$oid": "65c5f3073dcb9c94fa00d129"
  },
  "Day": 152,
  "Question 1": "Consider an inductor whose linear dimensions are tripled and the total number of turns per unit length is kept constant, what happens to the self-inductance?",
  "a": "9 times",
  "b": "3 times",
  "c": "27 times",
  "d": "1/3 times",
  "ans": "3 times",
  "no": 4
},
{
  "_id": {
    "$oid": "65c5f3073dcb9c94fa00d12a"
  },
  "Day": 152,
  "Question 1": "According to Maxwell’s Hypothesis, a changing electric field gives rise to?",
  "a": "Induced EMF",
  "b": "Electric Field",
  "c": "Magnetic Field",
  "d": "Magnetic Dipole",
  "ans": "Electric Field",
  "no": 5
},
{
  "_id": {
    "$oid": "65c5f3073dcb9c94fa00d12b"
  },
  "Day": 152,
  "Question 1": "If a glass prism is dipped in water, what happens to its dispersive power?",
  "a": "Increases",
  "b": "Decreases",
  "c": "Does not change",
  "d": "No effect",
  "ans": "Decreases",
  "no": 6
},
{
  "_id": {
    "$oid": "65c5f3073dcb9c94fa00d12c"
  },
  "Day": 152,
  "Question 1": "Which is a reducing sugar?",
  "a": "Galactose",
  "b": "Gluconic acid",
  "c": "Sucrose",
  "d": "β-methyl galactosidase",
  "ans": "Galactose",
  "no": 7
},
{
  "_id": {
    "$oid": "65c5f3073dcb9c94fa00d12d"
  },
  "Day": 152,
  "Question 1": "Which of the following molecular formulae belongs to the alkyne series?",
  "a": "C7H14",
  "b": "C10H22",
  "c": "C9H16",
  "d": "C16H32",
  "ans": "C9H16",
  "no": 8
},
{
  "_id": {
    "$oid": "65c5f3073dcb9c94fa00d12e"
  },
  "Day": 152,
  "Question 1": "Which of the following is a phospholipid?",
  "a": "Sterol",
  "b": "Cholesterol",
  "c": "Lecithin",
  "d": "Steroid",
  "ans": "Lecithin",
  "no": 9
},
{
  "_id": {
    "$oid": "65c5f3073dcb9c94fa00d12f"
  },
  "Day": 182,
  "Question 1": " The position vector of the point (1, 2, 0) is:",
  "a": "i + j +k",
  "b": "i + 2j + k",
  "c": "i + 2j",
  "d": "2j + k",
  "ans": "i + 2j",
  "no": 1
},
{
  "_id": {
    "$oid": "65c5f3073dcb9c94fa00d130"
  },
  "Day": 182,
  "Question 1": " If the distance between the points A(2, -2) and B(-1, x) is equal to 5, then the value of x is:",
  "a": 2,
  "b": -2,
  "c": 1,
  "d": -1,
  "ans": 2,
  "no": 2
},
{
  "_id": {
    "$oid": "65c5f3073dcb9c94fa00d131"
  },
  "Day": 182,
  "Question 1": "The negation of the statement “7 is greater than 8” is",
  "a": "7 is equal to 8.",
  "b": "7 is not greater than 8.",
  "c": "8 is less than 7.",
  "d": "none of these.",
  "ans": "7 is not greater than 8.",
  "no": 3
},
{
  "_id": {
    "$oid": "65c5f3073dcb9c94fa00d132"
  },
  "Day": 182,
  "Question 1": "What happens to the kinetic energy of the emitted electrons when the light is incident on a metal surface?",
  "a": "It varies with the frequency of light",
  "b": "It varies with the light intensity",
  "c": "It varies with the speed of light",
  "d": "It varies irregularly",
  "ans": "It varies with the frequency of light",
  "no": 4
},
{
  "_id": {
    "$oid": "65c5f3073dcb9c94fa00d133"
  },
  "Day": 182,
  "Question 1": "Which of the following should we consider to explain the fine structure of the spectrum of hydrogen?",
  "a": "The presence of neutrons in the nucleus",
  "b": "Orbital Angular Momentum",
  "c": "Infinite size of the nucleus",
  "d": "Spin angular Momentum",
  "ans": "Spin angular Momentum",
  "no": 5
},
{
  "_id": {
    "$oid": "65c5f3073dcb9c94fa00d134"
  },
  "Day": 182,
  "Question 1": " Which of the following is not a property of semiconductors used in electronic devices?",
  "a": "They excite electrons",
  "b": "They don’t emit light",
  "c": "They have high thermal conductivity",
  "d": "They have variable electrical conductivity",
  "ans": "They don’t emit light",
  "no": 6
},
{
  "_id": {
    "$oid": "65c5f3073dcb9c94fa00d135"
  },
  "Day": 182,
  "Question 1": "Which of the following forms the basis of the modern periodic table?",
  "a": "Atomic mass",
  "b": "Atomic number",
  "c": "Number of nucleons",
  "d": "All of the above",
  "ans": "Atomic number",
  "no": 7
},
{
  "_id": {
    "$oid": "65c5f3073dcb9c94fa00d136"
  },
  "Day": 182,
  "Question 1": "Find the successive elements of the periodic table with ionisation energies, 2372, 520 and 890 kJ per mol respectively",
  "a": "Li, Be, B",
  "b": "H, He, Li",
  "c": "B, C, N",
  "d": "He, Li, Be",
  "ans": "He, Li, Be",
  "no": 8
},
{
  "_id": {
    "$oid": "65c5f3073dcb9c94fa00d137"
  },
  "Day": 182,
  "Question 1": "The melting point of alkali metal is _____________",
  "a": "depends on the atmosphere",
  "b": "low",
  "c": "high",
  "d": "zero",
  "ans": "low",
  "no": 9
},
{
  "_id": {
    "$oid": "65c5f3073dcb9c94fa00d138"
  },
  "Day": 206,
  "Question 1": "The direction cosines of the y-axis are:",
  "a": "(9, 0, 0)",
  "b": "(1, 0, 0)",
  "c": "(0, 1, 0)",
  "d": "(0, 0, 1)",
  "ans": "(0, 1, 0)",
  "no": 1
},
{
  "_id": {
    "$oid": "65c5f3073dcb9c94fa00d139"
  },
  "Day": 206,
  "Question 1": "What is the probability of getting the sum as a prime number if two dice are thrown?",
  "a": "24-May",
  "b": "12-May",
  "c": "30-May",
  "d": "4-Jan",
  "ans": "12-May",
  "no": 2
},
{
  "_id": {
    "$oid": "65c5f3073dcb9c94fa00d13a"
  },
  "Day": 206,
  "Question 1": "Which of the following order is correct with respect to the hydration enthalpy?",
  "a": "B > Mg > Ca < Sr > Ba",
  "b": "Be+2 > Mg+2 > Ca+2 > Sr+2 > Ba+2",
  "c": "B > Mg < Ca > Sr > Ba",
  "d": "B > Mg > Ca > Sr < Ba",
  "ans": "Be+2 > Mg+2 > Ca+2 > Sr+2 > Ba+2",
  "no": 3
},
{
  "_id": {
    "$oid": "65c5f3073dcb9c94fa00d13b"
  },
  "Day": 206,
  "Question 1": "Which of the following statements about coordination compounds’ bonding is incorrect?",
  "a": "Crystal Field Theory",
  "b": "VSEPR Theory",
  "c": "Valence Bond Theory",
  "d": "Molecular Orbital Theory",
  "ans": "VSEPR Theory",
  "no": 4
},
{
  "_id": {
    "$oid": "65c5f3073dcb9c94fa00d13c"
  },
  "Day": 206,
  "Question 1": "4M + 8CN– + H2O + O2 → 4[M(CN)2]– + 4OH–, the metal M is",
  "a": "copper",
  "b": "iron",
  "c": "gold",
  "d": "Zinc",
  "ans": "gold",
  "no": 5
},
{
  "_id": {
    "$oid": "65c5f3073dcb9c94fa00d13d"
  },
  "Day": 206,
  "Question 1": " __________ possesses the properties of both alkali metals and halogens.",
  "a": "Helium",
  "b": "Hydrogen",
  "c": "Sodium",
  "d": "Chlorine",
  "ans": "Hydrogen",
  "no": 6
},
{
  "_id": {
    "$oid": "65c5f3073dcb9c94fa00d13e"
  },
  "Day": 206,
  "Question 1": "Find the incorrect statement",
  "a": " BOD value of clean water is less than 5 ppm",
  "b": "Drinking water pH should be between 5.5-9.5",
  "c": "carbon, sulphur and nitrogen oxides are the most widespread air pollutants",
  "d": "dissolved oxygen concentration below 5 ppm is ideal for the growth of fish",
  "ans": "dissolved oxygen concentration below 5 ppm is ideal for the growth of fish",
  "no": 7
},
{
  "_id": {
    "$oid": "65c5f3073dcb9c94fa00d13f"
  },
  "Day": 206,
  "Question 1": "In electrorefining of copper some gold is produced as:",
  "a": "cathode mud",
  "b": "anode mud",
  "c": "cathode deposit",
  "d": "anode deposit",
  "ans": "anode mud",
  "no": 8
},
{
  "_id": {
    "$oid": "65c5f3073dcb9c94fa00d140"
  },
  "Day": 206,
  "Question 1": "Which of the following is the best route to prepare BeF2?",
  "a": "thermal decomposition of BeF2",
  "b": "thermal decomposition of beryllium",
  "c": "thermal decomposition of (NH4)2BeF4",
  "d": "thermal decomposition of Barium sulphate",
  "ans": "thermal decomposition of (NH4)2BeF4",
  "no": 9
}]